INSERT INTO Permiso VALUES 
('AM'),('A1'),('A2'),('A'),('B'),('C1'),('C'),('D1'),('D'),('BE'),('CE'),('DE');

INSERT INTO Persona (Nombre, PrimerApellido, SegundoApellido) VALUES 
('Sara', 'Gutierrez', 'Moran'),('Sara', 'Gutierrez', 'Moran'),('Sara', 'Gutierrez', 'Moran'),('Sara', 'Gutierrez', 'Moran'),('Sara', 'Gutierrez', 'Moran'),
('Sara', 'Gutierrez', 'Moran'),('Sara', 'Gutierrez', 'Moran'),('Sara', 'Gutierrez', 'Moran'),('Sara', 'Gutierrez', 'Moran'),('Sara', 'Gutierrez', 'Moran'),
('Sara', 'Gutierrez', 'Moran'),('Sara', 'Gutierrez', 'Moran'),('Sara', 'Gutierrez', 'Moran'),('Sara', 'Gutierrez', 'Moran'),('Sara', 'Gutierrez', 'Moran'),
('Sara', 'Gutierrez', 'Moran'),('Sara', 'Gutierrez', 'Moran'),('Sara', 'Gutierrez', 'Moran'),('Sara', 'Gutierrez', 'Moran'),('Sara', 'Gutierrez', 'Moran'),
('Sara', 'Gutierrez', 'Moran'),('Sara', 'Gutierrez', 'Moran'),('Sara', 'Gutierrez', 'Moran'),('Sara', 'Gutierrez', 'Moran'),('Sara', 'Gutierrez', 'Moran'),
('Sara', 'Gutierrez', 'Moran'),('Sara', 'Gutierrez', 'Moran'),('Sara', 'Gutierrez', 'Moran'),('Sara', 'Gutierrez', 'Moran'),('Sara', 'Gutierrez', 'Moran'),
('Sara', 'Gutierrez', 'Moran'),('Sara', 'Gutierrez', 'Moran'),('Sara', 'Gutierrez', 'Moran'),('Sara', 'Gutierrez', 'Moran'),('Sara', 'Gutierrez', 'Moran'),
('Sara', 'Gutierrez', 'Moran'),('Sara', 'Gutierrez', 'Moran'),('Sara', 'Gutierrez', 'Moran'),('Sara', 'Gutierrez', 'Moran'),('Sara', 'Gutierrez', 'Moran'),
('Sara', 'Gutierrez', 'Moran'),('Sara', 'Gutierrez', 'Moran'),('Sara', 'Gutierrez', 'Moran'),('Sara', 'Gutierrez', 'Moran'),('Sara', 'Gutierrez', 'Moran'),
('Sara', 'Gutierrez', 'Moran'),('Sara', 'Gutierrez', 'Moran'),('Sara', 'Gutierrez', 'Moran'),('Sara', 'Gutierrez', 'Moran'),('Sara', 'Gutierrez', 'Moran'),
('Sara', 'Gutierrez', 'Moran'),('Sara', 'Gutierrez', 'Moran'),('Sara', 'Gutierrez', 'Moran'),('Sara', 'Gutierrez', 'Moran'),('Sara', 'Gutierrez', 'Moran'),
('Sara', 'Gutierrez', 'Moran'),('Sara', 'Gutierrez', 'Moran'),('Sara', 'Gutierrez', 'Moran'),('Sara', 'Gutierrez', 'Moran'),('Sara', 'Gutierrez', 'Moran'),
('Sara', 'Gutierrez', 'Moran'),('Sara', 'Gutierrez', 'Moran'),('Sara', 'Gutierrez', 'Moran'),('Sara', 'Gutierrez', 'Moran'),('Sara', 'Gutierrez', 'Moran'),
('Sara', 'Gutierrez', 'Moran'),('Sara', 'Gutierrez', 'Moran'),('Sara', 'Gutierrez', 'Moran'),('Sara', 'Gutierrez', 'Moran'),('Sara', 'Gutierrez', 'Moran'),
('Sara', 'Gutierrez', 'Moran'),('Sara', 'Gutierrez', 'Moran'),('Sara', 'Gutierrez', 'Moran'),('Sara', 'Gutierrez', 'Moran'),('Sara', 'Gutierrez', 'Moran'),
('Sara', 'Gutierrez', 'Moran'),('Sara', 'Gutierrez', 'Moran'),('Sara', 'Gutierrez', 'Moran'),('Sara', 'Gutierrez', 'Moran'),('Sara', 'Gutierrez', 'Moran'),
('Sara', 'Gutierrez', 'Moran'),('Sara', 'Gutierrez', 'Moran'),('Sara', 'Gutierrez', 'Moran'),('Sara', 'Gutierrez', 'Moran'),('Sara', 'Gutierrez', 'Moran'),
('Sara', 'Gutierrez', 'Moran'),('Sara', 'Gutierrez', 'Moran'),('Sara', 'Gutierrez', 'Moran'),('Sara', 'Gutierrez', 'Moran'),('Sara', 'Gutierrez', 'Moran'),
('Sara', 'Gutierrez', 'Moran'),('Sara', 'Gutierrez', 'Moran'),('Sara', 'Gutierrez', 'Moran'),('Sara', 'Gutierrez', 'Moran'),('Sara', 'Gutierrez', 'Moran'),
('Sara', 'Gutierrez', 'Moran'),('Sara', 'Gutierrez', 'Moran'),('Sara', 'Gutierrez', 'Moran'),('Sara', 'Gutierrez', 'Moran'),('Sara', 'Gutierrez', 'Moran'),
('Sara', 'Gutierrez', 'Moran'),('Sara', 'Gutierrez', 'Moran'),('Sara', 'Gutierrez', 'Moran'),('Sara', 'Gutierrez', 'Moran'),('Sara', 'Gutierrez', 'Moran'),
('Sara', 'Gutierrez', 'Moran'),('Sara', 'Gutierrez', 'Moran'),('Sara', 'Gutierrez', 'Moran'),('Sara', 'Gutierrez', 'Moran'),('Sara', 'Gutierrez', 'Moran'),
('Sara', 'Gutierrez', 'Moran'),('Sara', 'Gutierrez', 'Moran'),('Sara', 'Gutierrez', 'Moran'),('Sara', 'Gutierrez', 'Moran'),('Sara', 'Gutierrez', 'Moran'),
('Sara', 'Gutierrez', 'Moran'),('Sara', 'Gutierrez', 'Moran'),('Sara', 'Gutierrez', 'Moran'),('Sara', 'Gutierrez', 'Moran'),('Sara', 'Gutierrez', 'Moran'),
('Sara', 'Gutierrez', 'Moran'),('Sara', 'Gutierrez', 'Moran'),('Sara', 'Gutierrez', 'Moran'),('Sara', 'Gutierrez', 'Moran'),('Sara', 'Gutierrez', 'Moran'),
('Sara', 'Gutierrez', 'Moran'),('Sara', 'Gutierrez', 'Moran'),('Sara', 'Gutierrez', 'Moran'),('Sara', 'Gutierrez', 'Moran'),('Sara', 'Gutierrez', 'Moran'),
('Sara', 'Gutierrez', 'Moran'),('Sara', 'Gutierrez', 'Moran'),('Sara', 'Gutierrez', 'Moran'),('Sara', 'Gutierrez', 'Moran'),('Sara', 'Gutierrez', 'Moran'),
('Sara', 'Gutierrez', 'Moran'),('Sara', 'Gutierrez', 'Moran'),('Sara', 'Gutierrez', 'Moran'),('Sara', 'Gutierrez', 'Moran'),('Sara', 'Gutierrez', 'Moran'),
('Sara', 'Gutierrez', 'Moran'),('Sara', 'Gutierrez', 'Moran'),('Sara', 'Gutierrez', 'Moran'),('Sara', 'Gutierrez', 'Moran'),('Sara', 'Gutierrez', 'Moran'),
('Sara', 'Gutierrez', 'Moran'),('Sara', 'Gutierrez', 'Moran'),('Sara', 'Gutierrez', 'Moran'),('Sara', 'Gutierrez', 'Moran'),('Sara', 'Gutierrez', 'Moran'),
('Sara', 'Gutierrez', 'Moran'),('Sara', 'Gutierrez', 'Moran'),('Sara', 'Gutierrez', 'Moran'),('Sara', 'Gutierrez', 'Moran'),('Sara', 'Gutierrez', 'Moran'),
('Sara', 'Gutierrez', 'Moran'),('Sara', 'Gutierrez', 'Moran'),('Sara', 'Gutierrez', 'Moran'),('Sara', 'Gutierrez', 'Moran'),('Sara', 'Gutierrez', 'Moran'),
('Sara', 'Gutierrez', 'Moran'),('Sara', 'Gutierrez', 'Moran'),('Sara', 'Gutierrez', 'Moran'),('Sara', 'Gutierrez', 'Moran'),('Sara', 'Gutierrez', 'Moran'),
('Sara', 'Gutierrez', 'Moran'),('Sara', 'Gutierrez', 'Moran'),('Sara', 'Gutierrez', 'Moran'),('Sara', 'Gutierrez', 'Moran'),('Sara', 'Gutierrez', 'Moran'),
('Sara', 'Gutierrez', 'Moran'),('Sara', 'Gutierrez', 'Moran'),('Sara', 'Gutierrez', 'Moran'),('Sara', 'Gutierrez', 'Moran'),('Sara', 'Gutierrez', 'Moran'),
('Sara', 'Gutierrez', 'Moran'),('Sara', 'Gutierrez', 'Moran'),('Sara', 'Gutierrez', 'Moran'),('Sara', 'Gutierrez', 'Moran'),('Sara', 'Gutierrez', 'Moran'),
('Sara', 'Gutierrez', 'Moran'),('Sara', 'Gutierrez', 'Moran'),('Sara', 'Gutierrez', 'Moran'),('Sara', 'Gutierrez', 'Moran'),('Sara', 'Gutierrez', 'Moran'),
('Sara', 'Gutierrez', 'Moran'),('Sara', 'Gutierrez', 'Moran'),('Sara', 'Gutierrez', 'Moran'),('Sara', 'Gutierrez', 'Moran'),('Sara', 'Gutierrez', 'Moran'),
('Sara', 'Gutierrez', 'Moran'),('Sara', 'Gutierrez', 'Moran'),('Sara', 'Gutierrez', 'Moran'),('Sara', 'Gutierrez', 'Moran'),('Sara', 'Gutierrez', 'Moran'),
('Sara', 'Gutierrez', 'Moran'),('Sara', 'Gutierrez', 'Moran'),('Sara', 'Gutierrez', 'Moran'),('Sara', 'Gutierrez', 'Moran'),('Sara', 'Gutierrez', 'Moran'),
('Sara', 'Gutierrez', 'Moran'),('Sara', 'Gutierrez', 'Moran'),('Sara', 'Gutierrez', 'Moran'),('Sara', 'Gutierrez', 'Moran'),('Sara', 'Gutierrez', 'Moran'),
('Sara', 'Gutierrez', 'Moran'),('Sara', 'Gutierrez', 'Moran'),('Sara', 'Gutierrez', 'Moran'),('Sara', 'Gutierrez', 'Moran'),('Sara', 'Gutierrez', 'Moran'),
('Sara', 'Gutierrez', 'Moran'),('Sara', 'Gutierrez', 'Moran'),('Sara', 'Gutierrez', 'Moran'),('Sara', 'Gutierrez', 'Moran'),('Sara', 'Gutierrez', 'Moran'),
('Sara', 'Gutierrez', 'Moran'),('Sara', 'Gutierrez', 'Moran'),('Sara', 'Gutierrez', 'Moran'),('Sara', 'Gutierrez', 'Moran'),('Sara', 'Gutierrez', 'Moran'),
('Sara', 'Gutierrez', 'Moran'),('Sara', 'Gutierrez', 'Moran'),('Sara', 'Gutierrez', 'Moran'),('Sara', 'Gutierrez', 'Moran'),('Sara', 'Gutierrez', 'Moran'),
('Sara', 'Gutierrez', 'Moran'),('Sara', 'Gutierrez', 'Moran'),('Sara', 'Gutierrez', 'Moran'),('Sara', 'Gutierrez', 'Moran'),('Sara', 'Gutierrez', 'Moran'),
('Sara', 'Gutierrez', 'Moran'),('Sara', 'Gutierrez', 'Moran'),('Sara', 'Gutierrez', 'Moran'),('Sara', 'Gutierrez', 'Moran'),('Sara', 'Gutierrez', 'Moran'),
('Sara', 'Gutierrez', 'Moran'),('Sara', 'Gutierrez', 'Moran'),('Sara', 'Gutierrez', 'Moran'),('Sara', 'Gutierrez', 'Moran'),('Sara', 'Gutierrez', 'Moran'),
('Sara', 'Gutierrez', 'Moran'),('Sara', 'Gutierrez', 'Moran'),('Sara', 'Gutierrez', 'Moran'),('Sara', 'Gutierrez', 'Moran'),('Sara', 'Gutierrez', 'Moran'),
('Sara', 'Gutierrez', 'Moran'),('Sara', 'Gutierrez', 'Moran'),('Sara', 'Gutierrez', 'Moran'),('Sara', 'Gutierrez', 'Moran'),('Sara', 'Gutierrez', 'Moran'),
('Sara', 'Gutierrez', 'Moran'),('Sara', 'Gutierrez', 'Moran'),('Sara', 'Gutierrez', 'Moran'),('Sara', 'Gutierrez', 'Moran'),('Sara', 'Gutierrez', 'Moran'),
('Sara', 'Gutierrez', 'Moran'),('Sara', 'Gutierrez', 'Moran'),('Sara', 'Gutierrez', 'Moran'),('Sara', 'Gutierrez', 'Moran'),('Sara', 'Gutierrez', 'Moran'),
('Sara', 'Gutierrez', 'Moran'),('Sara', 'Gutierrez', 'Moran'),('Sara', 'Gutierrez', 'Moran'),('Sara', 'Gutierrez', 'Moran'),('Sara', 'Gutierrez', 'Moran'),
('Sara', 'Gutierrez', 'Moran'),('Sara', 'Gutierrez', 'Moran'),('Sara', 'Gutierrez', 'Moran'),('Sara', 'Gutierrez', 'Moran'),('Sara', 'Gutierrez', 'Moran'),
('Sara', 'Gutierrez', 'Moran'),('Sara', 'Gutierrez', 'Moran'),('Sara', 'Gutierrez', 'Moran'),('Sara', 'Gutierrez', 'Moran'),('Sara', 'Gutierrez', 'Moran'),
('Sara', 'Gutierrez', 'Moran'),('Sara', 'Gutierrez', 'Moran'),('Sara', 'Gutierrez', 'Moran'),('Sara', 'Gutierrez', 'Moran'),('Sara', 'Gutierrez', 'Moran'),
('Sara', 'Gutierrez', 'Moran'),('Sara', 'Gutierrez', 'Moran'),('Sara', 'Gutierrez', 'Moran'),('Sara', 'Gutierrez', 'Moran'),('Sara', 'Gutierrez', 'Moran'),
('Sara', 'Gutierrez', 'Moran'),('Sara', 'Gutierrez', 'Moran'),('Sara', 'Gutierrez', 'Moran'),('Sara', 'Gutierrez', 'Moran'),('Sara', 'Gutierrez', 'Moran'),
('Sara', 'Gutierrez', 'Moran'),('Sara', 'Gutierrez', 'Moran'),('Sara', 'Gutierrez', 'Moran'),('Sara', 'Gutierrez', 'Moran'),('Sara', 'Gutierrez', 'Moran'),
('Sara', 'Gutierrez', 'Moran'),('Sara', 'Gutierrez', 'Moran'),('Sara', 'Gutierrez', 'Moran'),('Sara', 'Gutierrez', 'Moran'),('Sara', 'Gutierrez', 'Moran'),
('Sara', 'Gutierrez', 'Moran'),('Sara', 'Gutierrez', 'Moran'),('Sara', 'Gutierrez', 'Moran'),('Sara', 'Gutierrez', 'Moran'),('Sara', 'Gutierrez', 'Moran'),
('Sara', 'Gutierrez', 'Moran'),('Sara', 'Gutierrez', 'Moran'),('Sara', 'Gutierrez', 'Moran'),('Sara', 'Gutierrez', 'Moran'),('Sara', 'Gutierrez', 'Moran'),
('Sara', 'Gutierrez', 'Moran'),('Sara', 'Gutierrez', 'Moran'),('Sara', 'Gutierrez', 'Moran'),('Sara', 'Gutierrez', 'Moran'),('Sara', 'Gutierrez', 'Moran'),
('Sara', 'Gutierrez', 'Moran'),('Sara', 'Gutierrez', 'Moran'),('Sara', 'Gutierrez', 'Moran'),('Sara', 'Gutierrez', 'Moran'),('Sara', 'Gutierrez', 'Moran'),
('Sara', 'Gutierrez', 'Moran'),('Sara', 'Gutierrez', 'Moran'),('Sara', 'Gutierrez', 'Moran'),('Sara', 'Gutierrez', 'Moran'),('Sara', 'Gutierrez', 'Moran'),
('Sara', 'Gutierrez', 'Moran'),('Sara', 'Gutierrez', 'Moran'),('Sara', 'Gutierrez', 'Moran'),('Sara', 'Gutierrez', 'Moran'),('Sara', 'Gutierrez', 'Moran'),
('Sara', 'Gutierrez', 'Moran'),('Sara', 'Gutierrez', 'Moran'),('Sara', 'Gutierrez', 'Moran'),('Sara', 'Gutierrez', 'Moran'),('Sara', 'Gutierrez', 'Moran'),
('Sara', 'Gutierrez', 'Moran'),('Sara', 'Gutierrez', 'Moran'),('Sara', 'Gutierrez', 'Moran'),('Sara', 'Gutierrez', 'Moran'),('Sara', 'Gutierrez', 'Moran'),
('Sara', 'Gutierrez', 'Moran'),('Sara', 'Gutierrez', 'Moran'),('Sara', 'Gutierrez', 'Moran'),('Sara', 'Gutierrez', 'Moran'),('Sara', 'Gutierrez', 'Moran'),
('Sara', 'Gutierrez', 'Moran'),('Sara', 'Gutierrez', 'Moran'),('Sara', 'Gutierrez', 'Moran'),('Sara', 'Gutierrez', 'Moran'),('Sara', 'Gutierrez', 'Moran'),
('Sara', 'Gutierrez', 'Moran'),('Sara', 'Gutierrez', 'Moran'),('Sara', 'Gutierrez', 'Moran'),('Sara', 'Gutierrez', 'Moran'),('Sara', 'Gutierrez', 'Moran'),
('Sara', 'Gutierrez', 'Moran'),('Sara', 'Gutierrez', 'Moran'),('Sara', 'Gutierrez', 'Moran'),('Sara', 'Gutierrez', 'Moran'),('Sara', 'Gutierrez', 'Moran'),
('Sara', 'Gutierrez', 'Moran'),('Sara', 'Gutierrez', 'Moran'),('Sara', 'Gutierrez', 'Moran'),('Sara', 'Gutierrez', 'Moran'),('Sara', 'Gutierrez', 'Moran'),
('Sara', 'Gutierrez', 'Moran'),('Sara', 'Gutierrez', 'Moran'),('Sara', 'Gutierrez', 'Moran'),('Sara', 'Gutierrez', 'Moran'),('Sara', 'Gutierrez', 'Moran'),
('Sara', 'Gutierrez', 'Moran'),('Sara', 'Gutierrez', 'Moran'),('Sara', 'Gutierrez', 'Moran'),('Sara', 'Gutierrez', 'Moran'),('Sara', 'Gutierrez', 'Moran'),
('Sara', 'Gutierrez', 'Moran'),('Sara', 'Gutierrez', 'Moran'),('Sara', 'Gutierrez', 'Moran'),('Sara', 'Gutierrez', 'Moran'),('Sara', 'Gutierrez', 'Moran'),
('Sara', 'Gutierrez', 'Moran'),('Sara', 'Gutierrez', 'Moran'),('Sara', 'Gutierrez', 'Moran'),('Sara', 'Gutierrez', 'Moran'),('Sara', 'Gutierrez', 'Moran'),
('Sara', 'Gutierrez', 'Moran'),('Sara', 'Gutierrez', 'Moran'),('Sara', 'Gutierrez', 'Moran'),('Sara', 'Gutierrez', 'Moran'),('Sara', 'Gutierrez', 'Moran'),
('Sara', 'Gutierrez', 'Moran'),('Sara', 'Gutierrez', 'Moran'),('Sara', 'Gutierrez', 'Moran'),('Sara', 'Gutierrez', 'Moran'),('Sara', 'Gutierrez', 'Moran'),
('Sara', 'Gutierrez', 'Moran'),('Sara', 'Gutierrez', 'Moran'),('Sara', 'Gutierrez', 'Moran'),('Sara', 'Gutierrez', 'Moran'),('Sara', 'Gutierrez', 'Moran'),
('Sara', 'Gutierrez', 'Moran'),('Sara', 'Gutierrez', 'Moran'),('Sara', 'Gutierrez', 'Moran'),('Sara', 'Gutierrez', 'Moran'),('Sara', 'Gutierrez', 'Moran'),
('Sara', 'Gutierrez', 'Moran'),('Sara', 'Gutierrez', 'Moran'),('Sara', 'Gutierrez', 'Moran'),('Sara', 'Gutierrez', 'Moran'),('Sara', 'Gutierrez', 'Moran'),
('Sara', 'Gutierrez', 'Moran'),('Sara', 'Gutierrez', 'Moran'),('Sara', 'Gutierrez', 'Moran'),('Sara', 'Gutierrez', 'Moran'),('Sara', 'Gutierrez', 'Moran'),
('Sara', 'Gutierrez', 'Moran'),('Sara', 'Gutierrez', 'Moran'),('Sara', 'Gutierrez', 'Moran'),('Sara', 'Gutierrez', 'Moran'),('Sara', 'Gutierrez', 'Moran'),
('Sara', 'Gutierrez', 'Moran'),('Sara', 'Gutierrez', 'Moran'),('Sara', 'Gutierrez', 'Moran'),('Sara', 'Gutierrez', 'Moran'),('Sara', 'Gutierrez', 'Moran'),
('Sara', 'Gutierrez', 'Moran'),('Sara', 'Gutierrez', 'Moran'),('Sara', 'Gutierrez', 'Moran'),('Sara', 'Gutierrez', 'Moran'),('Sara', 'Gutierrez', 'Moran'),
('Sara', 'Gutierrez', 'Moran'),('Sara', 'Gutierrez', 'Moran'),('Sara', 'Gutierrez', 'Moran'),('Sara', 'Gutierrez', 'Moran'),('Sara', 'Gutierrez', 'Moran'),
('Sara', 'Gutierrez', 'Moran'),('Sara', 'Gutierrez', 'Moran'),('Sara', 'Gutierrez', 'Moran'),('Sara', 'Gutierrez', 'Moran'),('Sara', 'Gutierrez', 'Moran'),
('Sara', 'Gutierrez', 'Moran'),('Sara', 'Gutierrez', 'Moran'),('Sara', 'Gutierrez', 'Moran'),('Sara', 'Gutierrez', 'Moran'),('Sara', 'Gutierrez', 'Moran'),
('Sara', 'Gutierrez', 'Moran'),('Sara', 'Gutierrez', 'Moran'),('Sara', 'Gutierrez', 'Moran'),('Sara', 'Gutierrez', 'Moran'),('Sara', 'Gutierrez', 'Moran'),
('Sara', 'Gutierrez', 'Moran'),('Sara', 'Gutierrez', 'Moran'),('Sara', 'Gutierrez', 'Moran'),('Sara', 'Gutierrez', 'Moran'),('Sara', 'Gutierrez', 'Moran'),
('Sara', 'Gutierrez', 'Moran'),('Sara', 'Gutierrez', 'Moran'),('Sara', 'Gutierrez', 'Moran'),('Sara', 'Gutierrez', 'Moran'),('Sara', 'Gutierrez', 'Moran'),
('Sara', 'Gutierrez', 'Moran'),('Sara', 'Gutierrez', 'Moran'),('Sara', 'Gutierrez', 'Moran'),('Sara', 'Gutierrez', 'Moran'),('Sara', 'Gutierrez', 'Moran'),
('Sara', 'Gutierrez', 'Moran'),('Sara', 'Gutierrez', 'Moran'),('Sara', 'Gutierrez', 'Moran'),('Sara', 'Gutierrez', 'Moran'),('Sara', 'Gutierrez', 'Moran'),
('Sara', 'Gutierrez', 'Moran'),('Sara', 'Gutierrez', 'Moran'),('Sara', 'Gutierrez', 'Moran'),('Sara', 'Gutierrez', 'Moran'),('Sara', 'Gutierrez', 'Moran'),
('Sara', 'Gutierrez', 'Moran'),('Sara', 'Gutierrez', 'Moran'),('Sara', 'Gutierrez', 'Moran'),('Sara', 'Gutierrez', 'Moran'),('Sara', 'Gutierrez', 'Moran'),
('Sara', 'Gutierrez', 'Moran'),('Sara', 'Gutierrez', 'Moran'),('Sara', 'Gutierrez', 'Moran'),('Sara', 'Gutierrez', 'Moran'),('Sara', 'Gutierrez', 'Moran'),
('Sara', 'Gutierrez', 'Moran'),('Sara', 'Gutierrez', 'Moran'),('Sara', 'Gutierrez', 'Moran'),('Sara', 'Gutierrez', 'Moran'),('Sara', 'Gutierrez', 'Moran'),
('Sara', 'Gutierrez', 'Moran'),('Sara', 'Gutierrez', 'Moran'),('Sara', 'Gutierrez', 'Moran'),('Sara', 'Gutierrez', 'Moran'),('Sara', 'Gutierrez', 'Moran'),
('Sara', 'Gutierrez', 'Moran'),('Sara', 'Gutierrez', 'Moran'),('Sara', 'Gutierrez', 'Moran'),('Sara', 'Gutierrez', 'Moran'),('Sara', 'Gutierrez', 'Moran'),
('Sara', 'Gutierrez', 'Moran'),('Sara', 'Gutierrez', 'Moran'),('Sara', 'Gutierrez', 'Moran'),('Sara', 'Gutierrez', 'Moran'),('Sara', 'Gutierrez', 'Moran'),
('Sara', 'Gutierrez', 'Moran'),('Sara', 'Gutierrez', 'Moran'),('Sara', 'Gutierrez', 'Moran'),('Sara', 'Gutierrez', 'Moran'),('Sara', 'Gutierrez', 'Moran'),
('Sara', 'Gutierrez', 'Moran'),('Sara', 'Gutierrez', 'Moran'),('Sara', 'Gutierrez', 'Moran'),('Sara', 'Gutierrez', 'Moran'),('Sara', 'Gutierrez', 'Moran'),
('Sara', 'Gutierrez', 'Moran'),('Sara', 'Gutierrez', 'Moran'),('Sara', 'Gutierrez', 'Moran'),('Sara', 'Gutierrez', 'Moran'),('Sara', 'Gutierrez', 'Moran'),
('Sara', 'Gutierrez', 'Moran'),('Sara', 'Gutierrez', 'Moran'),('Sara', 'Gutierrez', 'Moran'),('Sara', 'Gutierrez', 'Moran'),('Sara', 'Gutierrez', 'Moran'),
('Sara', 'Gutierrez', 'Moran'),('Sara', 'Gutierrez', 'Moran'),('Sara', 'Gutierrez', 'Moran'),('Sara', 'Gutierrez', 'Moran'),('Sara', 'Gutierrez', 'Moran'),
('Sara', 'Gutierrez', 'Moran'),('Sara', 'Gutierrez', 'Moran'),('Sara', 'Gutierrez', 'Moran'),('Sara', 'Gutierrez', 'Moran'),('Sara', 'Gutierrez', 'Moran'),
('Sara', 'Gutierrez', 'Moran'),('Sara', 'Gutierrez', 'Moran'),('Sara', 'Gutierrez', 'Moran'),('Sara', 'Gutierrez', 'Moran'),('Sara', 'Gutierrez', 'Moran'),
('Sara', 'Gutierrez', 'Moran'),('Sara', 'Gutierrez', 'Moran'),('Sara', 'Gutierrez', 'Moran'),('Sara', 'Gutierrez', 'Moran'),('Sara', 'Gutierrez', 'Moran'),
('Sara', 'Gutierrez', 'Moran'),('Sara', 'Gutierrez', 'Moran'),('Sara', 'Gutierrez', 'Moran'),('Sara', 'Gutierrez', 'Moran'),('Sara', 'Gutierrez', 'Moran'),
('Sara', 'Gutierrez', 'Moran'),('Sara', 'Gutierrez', 'Moran'),('Sara', 'Gutierrez', 'Moran'),('Sara', 'Gutierrez', 'Moran'),('Sara', 'Gutierrez', 'Moran'),
('Sara', 'Gutierrez', 'Moran'),('Sara', 'Gutierrez', 'Moran'),('Sara', 'Gutierrez', 'Moran'),('Sara', 'Gutierrez', 'Moran'),('Sara', 'Gutierrez', 'Moran'),
('Sara', 'Gutierrez', 'Moran'),('Sara', 'Gutierrez', 'Moran'),('Sara', 'Gutierrez', 'Moran'),('Sara', 'Gutierrez', 'Moran'),('Sara', 'Gutierrez', 'Moran'),
('Sara', 'Gutierrez', 'Moran'),('Sara', 'Gutierrez', 'Moran'),('Sara', 'Gutierrez', 'Moran'),('Sara', 'Gutierrez', 'Moran'),('Sara', 'Gutierrez', 'Moran'),
('Sara', 'Gutierrez', 'Moran'),('Sara', 'Gutierrez', 'Moran'),('Sara', 'Gutierrez', 'Moran'),('Sara', 'Gutierrez', 'Moran'),('Sara', 'Gutierrez', 'Moran'),
('Sara', 'Gutierrez', 'Moran'),('Sara', 'Gutierrez', 'Moran'),('Sara', 'Gutierrez', 'Moran'),('Sara', 'Gutierrez', 'Moran'),('Sara', 'Gutierrez', 'Moran'),
('Sara', 'Gutierrez', 'Moran'),('Sara', 'Gutierrez', 'Moran'),('Sara', 'Gutierrez', 'Moran'),('Sara', 'Gutierrez', 'Moran'),('Sara', 'Gutierrez', 'Moran'),
('Sara', 'Gutierrez', 'Moran'),('Sara', 'Gutierrez', 'Moran'),('Sara', 'Gutierrez', 'Moran'),('Sara', 'Gutierrez', 'Moran'),('Sara', 'Gutierrez', 'Moran'),
('Sara', 'Gutierrez', 'Moran'),('Sara', 'Gutierrez', 'Moran'),('Sara', 'Gutierrez', 'Moran'),('Sara', 'Gutierrez', 'Moran'),('Sara', 'Gutierrez', 'Moran'),
('Sara', 'Gutierrez', 'Moran'),('Sara', 'Gutierrez', 'Moran'),('Sara', 'Gutierrez', 'Moran'),('Sara', 'Gutierrez', 'Moran'),('Sara', 'Gutierrez', 'Moran'),
('Sara', 'Gutierrez', 'Moran'),('Sara', 'Gutierrez', 'Moran'),('Sara', 'Gutierrez', 'Moran'),('Sara', 'Gutierrez', 'Moran'),('Sara', 'Gutierrez', 'Moran'),
('Sara', 'Gutierrez', 'Moran'),('Sara', 'Gutierrez', 'Moran'),('Sara', 'Gutierrez', 'Moran'),('Sara', 'Gutierrez', 'Moran'),('Sara', 'Gutierrez', 'Moran'),
('Sara', 'Gutierrez', 'Moran'),('Sara', 'Gutierrez', 'Moran'),('Sara', 'Gutierrez', 'Moran'),('Sara', 'Gutierrez', 'Moran'),('Sara', 'Gutierrez', 'Moran'),
('Sara', 'Gutierrez', 'Moran'),('Sara', 'Gutierrez', 'Moran'),('Sara', 'Gutierrez', 'Moran'),('Sara', 'Gutierrez', 'Moran'),('Sara', 'Gutierrez', 'Moran'),
('Sara', 'Gutierrez', 'Moran'),('Sara', 'Gutierrez', 'Moran'),('Sara', 'Gutierrez', 'Moran'),('Sara', 'Gutierrez', 'Moran'),('Sara', 'Gutierrez', 'Moran'),
('Sara', 'Gutierrez', 'Moran'),('Sara', 'Gutierrez', 'Moran'),('Sara', 'Gutierrez', 'Moran'),('Sara', 'Gutierrez', 'Moran'),('Sara', 'Gutierrez', 'Moran'),
('Sara', 'Gutierrez', 'Moran'),('Sara', 'Gutierrez', 'Moran'),('Sara', 'Gutierrez', 'Moran'),('Sara', 'Gutierrez', 'Moran'),('Sara', 'Gutierrez', 'Moran'),
('Sara', 'Gutierrez', 'Moran'),('Sara', 'Gutierrez', 'Moran'),('Sara', 'Gutierrez', 'Moran'),('Sara', 'Gutierrez', 'Moran'),('Sara', 'Gutierrez', 'Moran'),
('Sara', 'Gutierrez', 'Moran'),('Sara', 'Gutierrez', 'Moran'),('Sara', 'Gutierrez', 'Moran'),('Sara', 'Gutierrez', 'Moran'),('Sara', 'Gutierrez', 'Moran'),
('Sara', 'Gutierrez', 'Moran'),('Sara', 'Gutierrez', 'Moran'),('Sara', 'Gutierrez', 'Moran'),('Sara', 'Gutierrez', 'Moran'),('Sara', 'Gutierrez', 'Moran'),
('Sara', 'Gutierrez', 'Moran'),('Sara', 'Gutierrez', 'Moran'),('Sara', 'Gutierrez', 'Moran'),('Sara', 'Gutierrez', 'Moran'),('Sara', 'Gutierrez', 'Moran'),
('Sara', 'Gutierrez', 'Moran'),('Sara', 'Gutierrez', 'Moran'),('Sara', 'Gutierrez', 'Moran'),('Sara', 'Gutierrez', 'Moran'),('Sara', 'Gutierrez', 'Moran'),
('Sara', 'Gutierrez', 'Moran'),('Sara', 'Gutierrez', 'Moran'),('Sara', 'Gutierrez', 'Moran'),('Sara', 'Gutierrez', 'Moran'),('Sara', 'Gutierrez', 'Moran'),
('Sara', 'Gutierrez', 'Moran'),('Sara', 'Gutierrez', 'Moran'),('Sara', 'Gutierrez', 'Moran'),('Sara', 'Gutierrez', 'Moran'),('Sara', 'Gutierrez', 'Moran'),
('Sara', 'Gutierrez', 'Moran'),('Sara', 'Gutierrez', 'Moran'),('Sara', 'Gutierrez', 'Moran'),('Sara', 'Gutierrez', 'Moran'),('Sara', 'Gutierrez', 'Moran'),
('Sara', 'Gutierrez', 'Moran'),('Sara', 'Gutierrez', 'Moran'),('Sara', 'Gutierrez', 'Moran'),('Sara', 'Gutierrez', 'Moran'),('Sara', 'Gutierrez', 'Moran'),
('Sara', 'Gutierrez', 'Moran'),('Sara', 'Gutierrez', 'Moran'),('Sara', 'Gutierrez', 'Moran'),('Sara', 'Gutierrez', 'Moran'),('Sara', 'Gutierrez', 'Moran'),
('Sara', 'Gutierrez', 'Moran'),('Sara', 'Gutierrez', 'Moran'),('Sara', 'Gutierrez', 'Moran'),('Sara', 'Gutierrez', 'Moran'),('Sara', 'Gutierrez', 'Moran'),
('Sara', 'Gutierrez', 'Moran'),('Sara', 'Gutierrez', 'Moran'),('Sara', 'Gutierrez', 'Moran'),('Sara', 'Gutierrez', 'Moran'),('Sara', 'Gutierrez', 'Moran'),
('Sara', 'Gutierrez', 'Moran'),('Sara', 'Gutierrez', 'Moran'),('Sara', 'Gutierrez', 'Moran'),('Sara', 'Gutierrez', 'Moran'),('Sara', 'Gutierrez', 'Moran'),
('Sara', 'Gutierrez', 'Moran'),('Sara', 'Gutierrez', 'Moran'),('Sara', 'Gutierrez', 'Moran'),('Sara', 'Gutierrez', 'Moran'),('Sara', 'Gutierrez', 'Moran'),
('Sara', 'Gutierrez', 'Moran'),('Sara', 'Gutierrez', 'Moran'),('Sara', 'Gutierrez', 'Moran'),('Sara', 'Gutierrez', 'Moran'),('Sara', 'Gutierrez', 'Moran'),
('Sara', 'Gutierrez', 'Moran'),('Sara', 'Gutierrez', 'Moran'),('Sara', 'Gutierrez', 'Moran'),('Sara', 'Gutierrez', 'Moran'),('Sara', 'Gutierrez', 'Moran'),
('Sara', 'Gutierrez', 'Moran'),('Sara', 'Gutierrez', 'Moran'),('Sara', 'Gutierrez', 'Moran'),('Sara', 'Gutierrez', 'Moran'),('Sara', 'Gutierrez', 'Moran'),
('Sara', 'Gutierrez', 'Moran'),('Sara', 'Gutierrez', 'Moran'),('Sara', 'Gutierrez', 'Moran'),('Sara', 'Gutierrez', 'Moran'),('Sara', 'Gutierrez', 'Moran'),
('Sara', 'Gutierrez', 'Moran'),('Sara', 'Gutierrez', 'Moran'),('Sara', 'Gutierrez', 'Moran'),('Sara', 'Gutierrez', 'Moran'),('Sara', 'Gutierrez', 'Moran'),
('Sara', 'Gutierrez', 'Moran'),('Sara', 'Gutierrez', 'Moran'),('Sara', 'Gutierrez', 'Moran'),('Sara', 'Gutierrez', 'Moran'),('Sara', 'Gutierrez', 'Moran'),
('Sara', 'Gutierrez', 'Moran'),('Sara', 'Gutierrez', 'Moran'),('Sara', 'Gutierrez', 'Moran'),('Sara', 'Gutierrez', 'Moran'),('Sara', 'Gutierrez', 'Moran'),
('Sara', 'Gutierrez', 'Moran'),('Sara', 'Gutierrez', 'Moran'),('Sara', 'Gutierrez', 'Moran'),('Sara', 'Gutierrez', 'Moran'),('Sara', 'Gutierrez', 'Moran'),
('Sara', 'Gutierrez', 'Moran'),('Sara', 'Gutierrez', 'Moran'),('Sara', 'Gutierrez', 'Moran'),('Sara', 'Gutierrez', 'Moran'),('Sara', 'Gutierrez', 'Moran'),
('Sara', 'Gutierrez', 'Moran'),('Sara', 'Gutierrez', 'Moran'),('Sara', 'Gutierrez', 'Moran'),('Sara', 'Gutierrez', 'Moran'),('Sara', 'Gutierrez', 'Moran'),
('Sara', 'Gutierrez', 'Moran'),('Sara', 'Gutierrez', 'Moran'),('Sara', 'Gutierrez', 'Moran'),('Sara', 'Gutierrez', 'Moran'),('Sara', 'Gutierrez', 'Moran'),
('Sara', 'Gutierrez', 'Moran'),('Sara', 'Gutierrez', 'Moran'),('Sara', 'Gutierrez', 'Moran'),('Sara', 'Gutierrez', 'Moran');


INSERT INTO Carnet (Foto, FechaValidez, DNI) VALUES
('00000000Xqqq1hghdgagv', '18-04-2030', 1),('00000000Xqqq1hghdgagv', '18-04-2030', 1),('00000000Xqqq1hghdgagv', '18-04-2030', 1),('00000000Xqqq1hghdgagv', '18-04-2030', 1),('00000000Xqqq1hghdgagv', '18-04-2030', 1),
('00000000Xqqq1hghdgagv', '18-04-2030', 1),('00000000Xqqq1hghdgagv', '18-04-2030', 1),('00000000Xqqq1hghdgagv', '18-04-2030', 1),('00000000Xqqq1hghdgagv', '18-04-2030', 1),('00000000Xqqq1hghdgagv', '18-04-2030', 1),
('00000000Xqqq1hghdgagv', '18-04-2030', 1),('00000000Xqqq1hghdgagv', '18-04-2030', 1),('00000000Xqqq1hghdgagv', '18-04-2030', 1),('00000000Xqqq1hghdgagv', '18-04-2030', 1),('00000000Xqqq1hghdgagv', '18-04-2030', 1),
('00000000Xqqq1hghdgagv', '18-04-2030', 1),('00000000Xqqq1hghdgagv', '18-04-2030', 1),('00000000Xqqq1hghdgagv', '18-04-2030', 1),('00000000Xqqq1hghdgagv', '18-04-2030', 1),('00000000Xqqq1hghdgagv', '18-04-2030', 1),
('00000000Xqqq1hghdgagv', '18-04-2030', 1),('00000000Xqqq1hghdgagv', '18-04-2030', 1),('00000000Xqqq1hghdgagv', '18-04-2030', 1),('00000000Xqqq1hghdgagv', '18-04-2030', 1),('00000000Xqqq1hghdgagv', '18-04-2030', 1),
('00000000Xqqq1hghdgagv', '18-04-2030', 1),('00000000Xqqq1hghdgagv', '18-04-2030', 1),('00000000Xqqq1hghdgagv', '18-04-2030', 1),('00000000Xqqq1hghdgagv', '18-04-2030', 1),('00000000Xqqq1hghdgagv', '18-04-2030', 1),
('00000000Xqqq1hghdgagv', '18-04-2030', 1),('00000000Xqqq1hghdgagv', '18-04-2030', 1),('00000000Xqqq1hghdgagv', '18-04-2030', 1),('00000000Xqqq1hghdgagv', '18-04-2030', 1),('00000000Xqqq1hghdgagv', '18-04-2030', 1),
('00000000Xqqq1hghdgagv', '18-04-2030', 1),('00000000Xqqq1hghdgagv', '18-04-2030', 1),('00000000Xqqq1hghdgagv', '18-04-2030', 1),('00000000Xqqq1hghdgagv', '18-04-2030', 1),('00000000Xqqq1hghdgagv', '18-04-2030', 1),
('00000000Xqqq1hghdgagv', '18-04-2030', 1),('00000000Xqqq1hghdgagv', '18-04-2030', 1),('00000000Xqqq1hghdgagv', '18-04-2030', 1),('00000000Xqqq1hghdgagv', '18-04-2030', 1),('00000000Xqqq1hghdgagv', '18-04-2030', 1),
('00000000Xqqq1hghdgagv', '18-04-2030', 1),('00000000Xqqq1hghdgagv', '18-04-2030', 1),('00000000Xqqq1hghdgagv', '18-04-2030', 1),('00000000Xqqq1hghdgagv', '18-04-2030', 1),('00000000Xqqq1hghdgagv', '18-04-2030', 1),
('00000000Xqqq1hghdgagv', '18-04-2030', 1),('00000000Xqqq1hghdgagv', '18-04-2030', 1),('00000000Xqqq1hghdgagv', '18-04-2030', 1),('00000000Xqqq1hghdgagv', '18-04-2030', 1),('00000000Xqqq1hghdgagv', '18-04-2030', 1),
('00000000Xqqq1hghdgagv', '18-04-2030', 1),('00000000Xqqq1hghdgagv', '18-04-2030', 1),('00000000Xqqq1hghdgagv', '18-04-2030', 1),('00000000Xqqq1hghdgagv', '18-04-2030', 1),('00000000Xqqq1hghdgagv', '18-04-2030', 1),
('00000000Xqqq1hghdgagv', '18-04-2030', 1),('00000000Xqqq1hghdgagv', '18-04-2030', 1),('00000000Xqqq1hghdgagv', '18-04-2030', 1),('00000000Xqqq1hghdgagv', '18-04-2030', 1),('00000000Xqqq1hghdgagv', '18-04-2030', 1),
('00000000Xqqq1hghdgagv', '18-04-2030', 1),('00000000Xqqq1hghdgagv', '18-04-2030', 1),('00000000Xqqq1hghdgagv', '18-04-2030', 1),('00000000Xqqq1hghdgagv', '18-04-2030', 1),('00000000Xqqq1hghdgagv', '18-04-2030', 1),
('00000000Xqqq1hghdgagv', '18-04-2030', 1),('00000000Xqqq1hghdgagv', '18-04-2030', 1),('00000000Xqqq1hghdgagv', '18-04-2030', 1),('00000000Xqqq1hghdgagv', '18-04-2030', 1),('00000000Xqqq1hghdgagv', '18-04-2030', 1),
('00000000Xqqq1hghdgagv', '18-04-2030', 1),('00000000Xqqq1hghdgagv', '18-04-2030', 1),('00000000Xqqq1hghdgagv', '18-04-2030', 1),('00000000Xqqq1hghdgagv', '18-04-2030', 1),('00000000Xqqq1hghdgagv', '18-04-2030', 1),
('00000000Xqqq1hghdgagv', '18-04-2030', 1),('00000000Xqqq1hghdgagv', '18-04-2030', 1),('00000000Xqqq1hghdgagv', '18-04-2030', 1),('00000000Xqqq1hghdgagv', '18-04-2030', 1),('00000000Xqqq1hghdgagv', '18-04-2030', 1),
('00000000Xqqq1hghdgagv', '18-04-2030', 1),('00000000Xqqq1hghdgagv', '18-04-2030', 1),('00000000Xqqq1hghdgagv', '18-04-2030', 1),('00000000Xqqq1hghdgagv', '18-04-2030', 1),('00000000Xqqq1hghdgagv', '18-04-2030', 1),
('00000000Xqqq1hghdgagv', '18-04-2030', 1),('00000000Xqqq1hghdgagv', '18-04-2030', 1),('00000000Xqqq1hghdgagv', '18-04-2030', 1),('00000000Xqqq1hghdgagv', '18-04-2030', 1),('00000000Xqqq1hghdgagv', '18-04-2030', 1),
('00000000Xqqq1hghdgagv', '18-04-2030', 1),('00000000Xqqq1hghdgagv', '18-04-2030', 1),('00000000Xqqq1hghdgagv', '18-04-2030', 1),('00000000Xqqq1hghdgagv', '18-04-2030', 1),('00000000Xqqq1hghdgagv', '18-04-2030', 1),
('00000000Xqqq1hghdgagv', '18-04-2030', 1),('00000000Xqqq1hghdgagv', '18-04-2030', 1),('00000000Xqqq1hghdgagv', '18-04-2030', 1),('00000000Xqqq1hghdgagv', '18-04-2030', 1),('00000000Xqqq1hghdgagv', '18-04-2030', 1),
('00000000Xqqq1hghdgagv', '18-04-2030', 1),('00000000Xqqq1hghdgagv', '18-04-2030', 1),('00000000Xqqq1hghdgagv', '18-04-2030', 1),('00000000Xqqq1hghdgagv', '18-04-2030', 1),('00000000Xqqq1hghdgagv', '18-04-2030', 1),
('00000000Xqqq1hghdgagv', '18-04-2030', 1),('00000000Xqqq1hghdgagv', '18-04-2030', 1),('00000000Xqqq1hghdgagv', '18-04-2030', 1),('00000000Xqqq1hghdgagv', '18-04-2030', 1),('00000000Xqqq1hghdgagv', '18-04-2030', 1),
('00000000Xqqq1hghdgagv', '18-04-2030', 1),('00000000Xqqq1hghdgagv', '18-04-2030', 1),('00000000Xqqq1hghdgagv', '18-04-2030', 1),('00000000Xqqq1hghdgagv', '18-04-2030', 1),('00000000Xqqq1hghdgagv', '18-04-2030', 1),
('00000000Xqqq1hghdgagv', '18-04-2030', 1),('00000000Xqqq1hghdgagv', '18-04-2030', 1),('00000000Xqqq1hghdgagv', '18-04-2030', 1),('00000000Xqqq1hghdgagv', '18-04-2030', 1),('00000000Xqqq1hghdgagv', '18-04-2030', 1),
('00000000Xqqq1hghdgagv', '18-04-2030', 1),('00000000Xqqq1hghdgagv', '18-04-2030', 1),('00000000Xqqq1hghdgagv', '18-04-2030', 1),('00000000Xqqq1hghdgagv', '18-04-2030', 1),('00000000Xqqq1hghdgagv', '18-04-2030', 1),
('00000000Xqqq1hghdgagv', '18-04-2030', 1),('00000000Xqqq1hghdgagv', '18-04-2030', 1),('00000000Xqqq1hghdgagv', '18-04-2030', 1),('00000000Xqqq1hghdgagv', '18-04-2030', 1),('00000000Xqqq1hghdgagv', '18-04-2030', 1),
('00000000Xqqq1hghdgagv', '18-04-2030', 1),('00000000Xqqq1hghdgagv', '18-04-2030', 1),('00000000Xqqq1hghdgagv', '18-04-2030', 1),('00000000Xqqq1hghdgagv', '18-04-2030', 1),('00000000Xqqq1hghdgagv', '18-04-2030', 1),
('00000000Xqqq1hghdgagv', '18-04-2030', 1),('00000000Xqqq1hghdgagv', '18-04-2030', 1),('00000000Xqqq1hghdgagv', '18-04-2030', 1),('00000000Xqqq1hghdgagv', '18-04-2030', 1),('00000000Xqqq1hghdgagv', '18-04-2030', 1),
('00000000Xqqq1hghdgagv', '18-04-2030', 1),('00000000Xqqq1hghdgagv', '18-04-2030', 1),('00000000Xqqq1hghdgagv', '18-04-2030', 1),('00000000Xqqq1hghdgagv', '18-04-2030', 1),('00000000Xqqq1hghdgagv', '18-04-2030', 1),
('00000000Xqqq1hghdgagv', '18-04-2030', 1),('00000000Xqqq1hghdgagv', '18-04-2030', 1),('00000000Xqqq1hghdgagv', '18-04-2030', 1),('00000000Xqqq1hghdgagv', '18-04-2030', 1),('00000000Xqqq1hghdgagv', '18-04-2030', 1),
('00000000Xqqq1hghdgagv', '18-04-2030', 1),('00000000Xqqq1hghdgagv', '18-04-2030', 1),('00000000Xqqq1hghdgagv', '18-04-2030', 1),('00000000Xqqq1hghdgagv', '18-04-2030', 1),('00000000Xqqq1hghdgagv', '18-04-2030', 1),
('00000000Xqqq1hghdgagv', '18-04-2030', 1),('00000000Xqqq1hghdgagv', '18-04-2030', 1),('00000000Xqqq1hghdgagv', '18-04-2030', 1),('00000000Xqqq1hghdgagv', '18-04-2030', 1),('00000000Xqqq1hghdgagv', '18-04-2030', 1),
('00000000Xqqq1hghdgagv', '18-04-2030', 1),('00000000Xqqq1hghdgagv', '18-04-2030', 1),('00000000Xqqq1hghdgagv', '18-04-2030', 1),('00000000Xqqq1hghdgagv', '18-04-2030', 1),('00000000Xqqq1hghdgagv', '18-04-2030', 1),
('00000000Xqqq1hghdgagv', '18-04-2030', 1),('00000000Xqqq1hghdgagv', '18-04-2030', 1),('00000000Xqqq1hghdgagv', '18-04-2030', 1),('00000000Xqqq1hghdgagv', '18-04-2030', 1),('00000000Xqqq1hghdgagv', '18-04-2030', 1),
('00000000Xqqq1hghdgagv', '18-04-2030', 1),('00000000Xqqq1hghdgagv', '18-04-2030', 1),('00000000Xqqq1hghdgagv', '18-04-2030', 1),('00000000Xqqq1hghdgagv', '18-04-2030', 1),('00000000Xqqq1hghdgagv', '18-04-2030', 1),
('00000000Xqqq1hghdgagv', '18-04-2030', 1),('00000000Xqqq1hghdgagv', '18-04-2030', 1),('00000000Xqqq1hghdgagv', '18-04-2030', 1),('00000000Xqqq1hghdgagv', '18-04-2030', 1),('00000000Xqqq1hghdgagv', '18-04-2030', 1),
('00000000Xqqq1hghdgagv', '18-04-2030', 1),('00000000Xqqq1hghdgagv', '18-04-2030', 1),('00000000Xqqq1hghdgagv', '18-04-2030', 1),('00000000Xqqq1hghdgagv', '18-04-2030', 1),('00000000Xqqq1hghdgagv', '18-04-2030', 1),
('00000000Xqqq1hghdgagv', '18-04-2030', 1),('00000000Xqqq1hghdgagv', '18-04-2030', 1),('00000000Xqqq1hghdgagv', '18-04-2030', 1),('00000000Xqqq1hghdgagv', '18-04-2030', 1),('00000000Xqqq1hghdgagv', '18-04-2030', 1),
('00000000Xqqq1hghdgagv', '18-04-2030', 1),('00000000Xqqq1hghdgagv', '18-04-2030', 1),('00000000Xqqq1hghdgagv', '18-04-2030', 1),('00000000Xqqq1hghdgagv', '18-04-2030', 1),('00000000Xqqq1hghdgagv', '18-04-2030', 1),
('00000000Xqqq1hghdgagv', '18-04-2030', 1),('00000000Xqqq1hghdgagv', '18-04-2030', 1),('00000000Xqqq1hghdgagv', '18-04-2030', 1),('00000000Xqqq1hghdgagv', '18-04-2030', 1),('00000000Xqqq1hghdgagv', '18-04-2030', 1),
('00000000Xqqq1hghdgagv', '18-04-2030', 1),('00000000Xqqq1hghdgagv', '18-04-2030', 1),('00000000Xqqq1hghdgagv', '18-04-2030', 1),('00000000Xqqq1hghdgagv', '18-04-2030', 1),('00000000Xqqq1hghdgagv', '18-04-2030', 1),
('00000000Xqqq1hghdgagv', '18-04-2030', 1),('00000000Xqqq1hghdgagv', '18-04-2030', 1),('00000000Xqqq1hghdgagv', '18-04-2030', 1),('00000000Xqqq1hghdgagv', '18-04-2030', 1),('00000000Xqqq1hghdgagv', '18-04-2030', 1),
('00000000Xqqq1hghdgagv', '18-04-2030', 1),('00000000Xqqq1hghdgagv', '18-04-2030', 1),('00000000Xqqq1hghdgagv', '18-04-2030', 1),('00000000Xqqq1hghdgagv', '18-04-2030', 1),('00000000Xqqq1hghdgagv', '18-04-2030', 1),
('00000000Xqqq1hghdgagv', '18-04-2030', 1),('00000000Xqqq1hghdgagv', '18-04-2030', 1),('00000000Xqqq1hghdgagv', '18-04-2030', 1),('00000000Xqqq1hghdgagv', '18-04-2030', 1),('00000000Xqqq1hghdgagv', '18-04-2030', 1),
('00000000Xqqq1hghdgagv', '18-04-2030', 1),('00000000Xqqq1hghdgagv', '18-04-2030', 1),('00000000Xqqq1hghdgagv', '18-04-2030', 1),('00000000Xqqq1hghdgagv', '18-04-2030', 1),('00000000Xqqq1hghdgagv', '18-04-2030', 1),
('00000000Xqqq1hghdgagv', '18-04-2030', 1),('00000000Xqqq1hghdgagv', '18-04-2030', 1),('00000000Xqqq1hghdgagv', '18-04-2030', 1),('00000000Xqqq1hghdgagv', '18-04-2030', 1),('00000000Xqqq1hghdgagv', '18-04-2030', 1),
('00000000Xqqq1hghdgagv', '18-04-2030', 1),('00000000Xqqq1hghdgagv', '18-04-2030', 1),('00000000Xqqq1hghdgagv', '18-04-2030', 1),('00000000Xqqq1hghdgagv', '18-04-2030', 1),('00000000Xqqq1hghdgagv', '18-04-2030', 1),
('00000000Xqqq1hghdgagv', '18-04-2030', 1),('00000000Xqqq1hghdgagv', '18-04-2030', 1),('00000000Xqqq1hghdgagv', '18-04-2030', 1),('00000000Xqqq1hghdgagv', '18-04-2030', 1),('00000000Xqqq1hghdgagv', '18-04-2030', 1),
('00000000Xqqq1hghdgagv', '18-04-2030', 1),('00000000Xqqq1hghdgagv', '18-04-2030', 1),('00000000Xqqq1hghdgagv', '18-04-2030', 1),('00000000Xqqq1hghdgagv', '18-04-2030', 1),('00000000Xqqq1hghdgagv', '18-04-2030', 1),
('00000000Xqqq1hghdgagv', '18-04-2030', 1),('00000000Xqqq1hghdgagv', '18-04-2030', 1),('00000000Xqqq1hghdgagv', '18-04-2030', 1),('00000000Xqqq1hghdgagv', '18-04-2030', 1),('00000000Xqqq1hghdgagv', '18-04-2030', 1),
('00000000Xqqq1hghdgagv', '18-04-2030', 1),('00000000Xqqq1hghdgagv', '18-04-2030', 1),('00000000Xqqq1hghdgagv', '18-04-2030', 1),('00000000Xqqq1hghdgagv', '18-04-2030', 1),('00000000Xqqq1hghdgagv', '18-04-2030', 1),
('00000000Xqqq1hghdgagv', '18-04-2030', 1),('00000000Xqqq1hghdgagv', '18-04-2030', 1),('00000000Xqqq1hghdgagv', '18-04-2030', 1),('00000000Xqqq1hghdgagv', '18-04-2030', 1),('00000000Xqqq1hghdgagv', '18-04-2030', 1),
('00000000Xqqq1hghdgagv', '18-04-2030', 1),('00000000Xqqq1hghdgagv', '18-04-2030', 1),('00000000Xqqq1hghdgagv', '18-04-2030', 1),('00000000Xqqq1hghdgagv', '18-04-2030', 1),('00000000Xqqq1hghdgagv', '18-04-2030', 1),
('00000000Xqqq1hghdgagv', '18-04-2030', 1),('00000000Xqqq1hghdgagv', '18-04-2030', 1),('00000000Xqqq1hghdgagv', '18-04-2030', 1),('00000000Xqqq1hghdgagv', '18-04-2030', 1),('00000000Xqqq1hghdgagv', '18-04-2030', 1),
('00000000Xqqq1hghdgagv', '18-04-2030', 1),('00000000Xqqq1hghdgagv', '18-04-2030', 1),('00000000Xqqq1hghdgagv', '18-04-2030', 1),('00000000Xqqq1hghdgagv', '18-04-2030', 1),('00000000Xqqq1hghdgagv', '18-04-2030', 1),
('00000000Xqqq1hghdgagv', '18-04-2030', 1),('00000000Xqqq1hghdgagv', '18-04-2030', 1),('00000000Xqqq1hghdgagv', '18-04-2030', 1),('00000000Xqqq1hghdgagv', '18-04-2030', 1),('00000000Xqqq1hghdgagv', '18-04-2030', 1),
('00000000Xqqq1hghdgagv', '18-04-2030', 1),('00000000Xqqq1hghdgagv', '18-04-2030', 1),('00000000Xqqq1hghdgagv', '18-04-2030', 1),('00000000Xqqq1hghdgagv', '18-04-2030', 1),('00000000Xqqq1hghdgagv', '18-04-2030', 1),
('00000000Xqqq1hghdgagv', '18-04-2030', 1),('00000000Xqqq1hghdgagv', '18-04-2030', 1),('00000000Xqqq1hghdgagv', '18-04-2030', 1),('00000000Xqqq1hghdgagv', '18-04-2030', 1),('00000000Xqqq1hghdgagv', '18-04-2030', 1),
('00000000Xqqq1hghdgagv', '18-04-2030', 1),('00000000Xqqq1hghdgagv', '18-04-2030', 1),('00000000Xqqq1hghdgagv', '18-04-2030', 1),('00000000Xqqq1hghdgagv', '18-04-2030', 1),('00000000Xqqq1hghdgagv', '18-04-2030', 1),
('00000000Xqqq1hghdgagv', '18-04-2030', 1),('00000000Xqqq1hghdgagv', '18-04-2030', 1),('00000000Xqqq1hghdgagv', '18-04-2030', 1),('00000000Xqqq1hghdgagv', '18-04-2030', 1),('00000000Xqqq1hghdgagv', '18-04-2030', 1),
('00000000Xqqq1hghdgagv', '18-04-2030', 1),('00000000Xqqq1hghdgagv', '18-04-2030', 1),('00000000Xqqq1hghdgagv', '18-04-2030', 1),('00000000Xqqq1hghdgagv', '18-04-2030', 1),('00000000Xqqq1hghdgagv', '18-04-2030', 1),
('00000000Xqqq1hghdgagv', '18-04-2030', 1),('00000000Xqqq1hghdgagv', '18-04-2030', 1),('00000000Xqqq1hghdgagv', '18-04-2030', 1),('00000000Xqqq1hghdgagv', '18-04-2030', 1),('00000000Xqqq1hghdgagv', '18-04-2030', 1),
('00000000Xqqq1hghdgagv', '18-04-2030', 1),('00000000Xqqq1hghdgagv', '18-04-2030', 1),('00000000Xqqq1hghdgagv', '18-04-2030', 1),('00000000Xqqq1hghdgagv', '18-04-2030', 1),('00000000Xqqq1hghdgagv', '18-04-2030', 1),
('00000000Xqqq1hghdgagv', '18-04-2030', 1),('00000000Xqqq1hghdgagv', '18-04-2030', 1),('00000000Xqqq1hghdgagv', '18-04-2030', 1),('00000000Xqqq1hghdgagv', '18-04-2030', 1),('00000000Xqqq1hghdgagv', '18-04-2030', 1),
('00000000Xqqq1hghdgagv', '18-04-2030', 1),('00000000Xqqq1hghdgagv', '18-04-2030', 1),('00000000Xqqq1hghdgagv', '18-04-2030', 1),('00000000Xqqq1hghdgagv', '18-04-2030', 1),('00000000Xqqq1hghdgagv', '18-04-2030', 1),
('00000000Xqqq1hghdgagv', '18-04-2030', 1),('00000000Xqqq1hghdgagv', '18-04-2030', 1),('00000000Xqqq1hghdgagv', '18-04-2030', 1),('00000000Xqqq1hghdgagv', '18-04-2030', 1),('00000000Xqqq1hghdgagv', '18-04-2030', 1),
('00000000Xqqq1hghdgagv', '18-04-2030', 1),('00000000Xqqq1hghdgagv', '18-04-2030', 1),('00000000Xqqq1hghdgagv', '18-04-2030', 1),('00000000Xqqq1hghdgagv', '18-04-2030', 1),('00000000Xqqq1hghdgagv', '18-04-2030', 1),
('00000000Xqqq1hghdgagv', '18-04-2030', 1),('00000000Xqqq1hghdgagv', '18-04-2030', 1),('00000000Xqqq1hghdgagv', '18-04-2030', 1),('00000000Xqqq1hghdgagv', '18-04-2030', 1),('00000000Xqqq1hghdgagv', '18-04-2030', 1),
('00000000Xqqq1hghdgagv', '18-04-2030', 1),('00000000Xqqq1hghdgagv', '18-04-2030', 1),('00000000Xqqq1hghdgagv', '18-04-2030', 1),('00000000Xqqq1hghdgagv', '18-04-2030', 1),('00000000Xqqq1hghdgagv', '18-04-2030', 1),
('00000000Xqqq1hghdgagv', '18-04-2030', 1),('00000000Xqqq1hghdgagv', '18-04-2030', 1),('00000000Xqqq1hghdgagv', '18-04-2030', 1),('00000000Xqqq1hghdgagv', '18-04-2030', 1),('00000000Xqqq1hghdgagv', '18-04-2030', 1),
('00000000Xqqq1hghdgagv', '18-04-2030', 1),('00000000Xqqq1hghdgagv', '18-04-2030', 1),('00000000Xqqq1hghdgagv', '18-04-2030', 1),('00000000Xqqq1hghdgagv', '18-04-2030', 1),('00000000Xqqq1hghdgagv', '18-04-2030', 1),
('00000000Xqqq1hghdgagv', '18-04-2030', 1),('00000000Xqqq1hghdgagv', '18-04-2030', 1),('00000000Xqqq1hghdgagv', '18-04-2030', 1),('00000000Xqqq1hghdgagv', '18-04-2030', 1),('00000000Xqqq1hghdgagv', '18-04-2030', 1),
('00000000Xqqq1hghdgagv', '18-04-2030', 1),('00000000Xqqq1hghdgagv', '18-04-2030', 1),('00000000Xqqq1hghdgagv', '18-04-2030', 1),('00000000Xqqq1hghdgagv', '18-04-2030', 1),('00000000Xqqq1hghdgagv', '18-04-2030', 1),
('00000000Xqqq1hghdgagv', '18-04-2030', 1),('00000000Xqqq1hghdgagv', '18-04-2030', 1),('00000000Xqqq1hghdgagv', '18-04-2030', 1),('00000000Xqqq1hghdgagv', '18-04-2030', 1),('00000000Xqqq1hghdgagv', '18-04-2030', 1),
('00000000Xqqq1hghdgagv', '18-04-2030', 1),('00000000Xqqq1hghdgagv', '18-04-2030', 1),('00000000Xqqq1hghdgagv', '18-04-2030', 1),('00000000Xqqq1hghdgagv', '18-04-2030', 1),('00000000Xqqq1hghdgagv', '18-04-2030', 1),
('00000000Xqqq1hghdgagv', '18-04-2030', 1),('00000000Xqqq1hghdgagv', '18-04-2030', 1),('00000000Xqqq1hghdgagv', '18-04-2030', 1),('00000000Xqqq1hghdgagv', '18-04-2030', 1),('00000000Xqqq1hghdgagv', '18-04-2030', 1),
('00000000Xqqq1hghdgagv', '18-04-2030', 1),('00000000Xqqq1hghdgagv', '18-04-2030', 1),('00000000Xqqq1hghdgagv', '18-04-2030', 1),('00000000Xqqq1hghdgagv', '18-04-2030', 1),('00000000Xqqq1hghdgagv', '18-04-2030', 1),
('00000000Xqqq1hghdgagv', '18-04-2030', 1),('00000000Xqqq1hghdgagv', '18-04-2030', 1),('00000000Xqqq1hghdgagv', '18-04-2030', 1),('00000000Xqqq1hghdgagv', '18-04-2030', 1),('00000000Xqqq1hghdgagv', '18-04-2030', 1),
('00000000Xqqq1hghdgagv', '18-04-2030', 1),('00000000Xqqq1hghdgagv', '18-04-2030', 1),('00000000Xqqq1hghdgagv', '18-04-2030', 1),('00000000Xqqq1hghdgagv', '18-04-2030', 1),('00000000Xqqq1hghdgagv', '18-04-2030', 1),
('00000000Xqqq1hghdgagv', '18-04-2030', 1),('00000000Xqqq1hghdgagv', '18-04-2030', 1),('00000000Xqqq1hghdgagv', '18-04-2030', 1),('00000000Xqqq1hghdgagv', '18-04-2030', 1),('00000000Xqqq1hghdgagv', '18-04-2030', 1),
('00000000Xqqq1hghdgagv', '18-04-2030', 1),('00000000Xqqq1hghdgagv', '18-04-2030', 1),('00000000Xqqq1hghdgagv', '18-04-2030', 1),('00000000Xqqq1hghdgagv', '18-04-2030', 1),('00000000Xqqq1hghdgagv', '18-04-2030', 1),
('00000000Xqqq1hghdgagv', '18-04-2030', 1),('00000000Xqqq1hghdgagv', '18-04-2030', 1),('00000000Xqqq1hghdgagv', '18-04-2030', 1),('00000000Xqqq1hghdgagv', '18-04-2030', 1),('00000000Xqqq1hghdgagv', '18-04-2030', 1),
('00000000Xqqq1hghdgagv', '18-04-2030', 1),('00000000Xqqq1hghdgagv', '18-04-2030', 1),('00000000Xqqq1hghdgagv', '18-04-2030', 1),('00000000Xqqq1hghdgagv', '18-04-2030', 1),('00000000Xqqq1hghdgagv', '18-04-2030', 1),
('00000000Xqqq1hghdgagv', '18-04-2030', 1),('00000000Xqqq1hghdgagv', '18-04-2030', 1),('00000000Xqqq1hghdgagv', '18-04-2030', 1),('00000000Xqqq1hghdgagv', '18-04-2030', 1),('00000000Xqqq1hghdgagv', '18-04-2030', 1),
('00000000Xqqq1hghdgagv', '18-04-2030', 1),('00000000Xqqq1hghdgagv', '18-04-2030', 1),('00000000Xqqq1hghdgagv', '18-04-2030', 1),('00000000Xqqq1hghdgagv', '18-04-2030', 1),('00000000Xqqq1hghdgagv', '18-04-2030', 1),
('00000000Xqqq1hghdgagv', '18-04-2030', 1),('00000000Xqqq1hghdgagv', '18-04-2030', 1),('00000000Xqqq1hghdgagv', '18-04-2030', 1),('00000000Xqqq1hghdgagv', '18-04-2030', 1),('00000000Xqqq1hghdgagv', '18-04-2030', 1),
('00000000Xqqq1hghdgagv', '18-04-2030', 1),('00000000Xqqq1hghdgagv', '18-04-2030', 1),('00000000Xqqq1hghdgagv', '18-04-2030', 1),('00000000Xqqq1hghdgagv', '18-04-2030', 1),('00000000Xqqq1hghdgagv', '18-04-2030', 1),
('00000000Xqqq1hghdgagv', '18-04-2030', 1),('00000000Xqqq1hghdgagv', '18-04-2030', 1),('00000000Xqqq1hghdgagv', '18-04-2030', 1),('00000000Xqqq1hghdgagv', '18-04-2030', 1),('00000000Xqqq1hghdgagv', '18-04-2030', 1),
('00000000Xqqq1hghdgagv', '18-04-2030', 1),('00000000Xqqq1hghdgagv', '18-04-2030', 1),('00000000Xqqq1hghdgagv', '18-04-2030', 1),('00000000Xqqq1hghdgagv', '18-04-2030', 1),('00000000Xqqq1hghdgagv', '18-04-2030', 1),
('00000000Xqqq1hghdgagv', '18-04-2030', 1),('00000000Xqqq1hghdgagv', '18-04-2030', 1),('00000000Xqqq1hghdgagv', '18-04-2030', 1),('00000000Xqqq1hghdgagv', '18-04-2030', 1),('00000000Xqqq1hghdgagv', '18-04-2030', 1),
('00000000Xqqq1hghdgagv', '18-04-2030', 1),('00000000Xqqq1hghdgagv', '18-04-2030', 1),('00000000Xqqq1hghdgagv', '18-04-2030', 1),('00000000Xqqq1hghdgagv', '18-04-2030', 1),('00000000Xqqq1hghdgagv', '18-04-2030', 1),
('00000000Xqqq1hghdgagv', '18-04-2030', 1),('00000000Xqqq1hghdgagv', '18-04-2030', 1),('00000000Xqqq1hghdgagv', '18-04-2030', 1),('00000000Xqqq1hghdgagv', '18-04-2030', 1),('00000000Xqqq1hghdgagv', '18-04-2030', 1),
('00000000Xqqq1hghdgagv', '18-04-2030', 1),('00000000Xqqq1hghdgagv', '18-04-2030', 1),('00000000Xqqq1hghdgagv', '18-04-2030', 1),('00000000Xqqq1hghdgagv', '18-04-2030', 1),('00000000Xqqq1hghdgagv', '18-04-2030', 1),
('00000000Xqqq1hghdgagv', '18-04-2030', 1),('00000000Xqqq1hghdgagv', '18-04-2030', 1),('00000000Xqqq1hghdgagv', '18-04-2030', 1),('00000000Xqqq1hghdgagv', '18-04-2030', 1),('00000000Xqqq1hghdgagv', '18-04-2030', 1),
('00000000Xqqq1hghdgagv', '18-04-2030', 1),('00000000Xqqq1hghdgagv', '18-04-2030', 1),('00000000Xqqq1hghdgagv', '18-04-2030', 1),('00000000Xqqq1hghdgagv', '18-04-2030', 1),('00000000Xqqq1hghdgagv', '18-04-2030', 1),
('00000000Xqqq1hghdgagv', '18-04-2030', 1),('00000000Xqqq1hghdgagv', '18-04-2030', 1),('00000000Xqqq1hghdgagv', '18-04-2030', 1),('00000000Xqqq1hghdgagv', '18-04-2030', 1),('00000000Xqqq1hghdgagv', '18-04-2030', 1),
('00000000Xqqq1hghdgagv', '18-04-2030', 1),('00000000Xqqq1hghdgagv', '18-04-2030', 1),('00000000Xqqq1hghdgagv', '18-04-2030', 1),('00000000Xqqq1hghdgagv', '18-04-2030', 1),('00000000Xqqq1hghdgagv', '18-04-2030', 1),
('00000000Xqqq1hghdgagv', '18-04-2030', 1),('00000000Xqqq1hghdgagv', '18-04-2030', 1),('00000000Xqqq1hghdgagv', '18-04-2030', 1),('00000000Xqqq1hghdgagv', '18-04-2030', 1),('00000000Xqqq1hghdgagv', '18-04-2030', 1),
('00000000Xqqq1hghdgagv', '18-04-2030', 1),('00000000Xqqq1hghdgagv', '18-04-2030', 1),('00000000Xqqq1hghdgagv', '18-04-2030', 1),('00000000Xqqq1hghdgagv', '18-04-2030', 1),('00000000Xqqq1hghdgagv', '18-04-2030', 1),
('00000000Xqqq1hghdgagv', '18-04-2030', 1),('00000000Xqqq1hghdgagv', '18-04-2030', 1),('00000000Xqqq1hghdgagv', '18-04-2030', 1),('00000000Xqqq1hghdgagv', '18-04-2030', 1),('00000000Xqqq1hghdgagv', '18-04-2030', 1),
('00000000Xqqq1hghdgagv', '18-04-2030', 1),('00000000Xqqq1hghdgagv', '18-04-2030', 1),('00000000Xqqq1hghdgagv', '18-04-2030', 1),('00000000Xqqq1hghdgagv', '18-04-2030', 1),('00000000Xqqq1hghdgagv', '18-04-2030', 1),
('00000000Xqqq1hghdgagv', '18-04-2030', 1),('00000000Xqqq1hghdgagv', '18-04-2030', 1),('00000000Xqqq1hghdgagv', '18-04-2030', 1),('00000000Xqqq1hghdgagv', '18-04-2030', 1),('00000000Xqqq1hghdgagv', '18-04-2030', 1),
('00000000Xqqq1hghdgagv', '18-04-2030', 1),('00000000Xqqq1hghdgagv', '18-04-2030', 1),('00000000Xqqq1hghdgagv', '18-04-2030', 1),('00000000Xqqq1hghdgagv', '18-04-2030', 1),('00000000Xqqq1hghdgagv', '18-04-2030', 1),
('00000000Xqqq1hghdgagv', '18-04-2030', 1),('00000000Xqqq1hghdgagv', '18-04-2030', 1),('00000000Xqqq1hghdgagv', '18-04-2030', 1),('00000000Xqqq1hghdgagv', '18-04-2030', 1),('00000000Xqqq1hghdgagv', '18-04-2030', 1),
('00000000Xqqq1hghdgagv', '18-04-2030', 1),('00000000Xqqq1hghdgagv', '18-04-2030', 1),('00000000Xqqq1hghdgagv', '18-04-2030', 1),('00000000Xqqq1hghdgagv', '18-04-2030', 1),('00000000Xqqq1hghdgagv', '18-04-2030', 1),
('00000000Xqqq1hghdgagv', '18-04-2030', 1),('00000000Xqqq1hghdgagv', '18-04-2030', 1),('00000000Xqqq1hghdgagv', '18-04-2030', 1),('00000000Xqqq1hghdgagv', '18-04-2030', 1),('00000000Xqqq1hghdgagv', '18-04-2030', 1),
('00000000Xqqq1hghdgagv', '18-04-2030', 1),('00000000Xqqq1hghdgagv', '18-04-2030', 1),('00000000Xqqq1hghdgagv', '18-04-2030', 1),('00000000Xqqq1hghdgagv', '18-04-2030', 1),('00000000Xqqq1hghdgagv', '18-04-2030', 1),
('00000000Xqqq1hghdgagv', '18-04-2030', 1),('00000000Xqqq1hghdgagv', '18-04-2030', 1),('00000000Xqqq1hghdgagv', '18-04-2030', 1),('00000000Xqqq1hghdgagv', '18-04-2030', 1),('00000000Xqqq1hghdgagv', '18-04-2030', 1),
('00000000Xqqq1hghdgagv', '18-04-2030', 1),('00000000Xqqq1hghdgagv', '18-04-2030', 1),('00000000Xqqq1hghdgagv', '18-04-2030', 1),('00000000Xqqq1hghdgagv', '18-04-2030', 1),('00000000Xqqq1hghdgagv', '18-04-2030', 1),
('00000000Xqqq1hghdgagv', '18-04-2030', 1),('00000000Xqqq1hghdgagv', '18-04-2030', 1),('00000000Xqqq1hghdgagv', '18-04-2030', 1),('00000000Xqqq1hghdgagv', '18-04-2030', 1),('00000000Xqqq1hghdgagv', '18-04-2030', 1),
('00000000Xqqq1hghdgagv', '18-04-2030', 1),('00000000Xqqq1hghdgagv', '18-04-2030', 1),('00000000Xqqq1hghdgagv', '18-04-2030', 1),('00000000Xqqq1hghdgagv', '18-04-2030', 1),('00000000Xqqq1hghdgagv', '18-04-2030', 1),
('00000000Xqqq1hghdgagv', '18-04-2030', 1),('00000000Xqqq1hghdgagv', '18-04-2030', 1),('00000000Xqqq1hghdgagv', '18-04-2030', 1),('00000000Xqqq1hghdgagv', '18-04-2030', 1),('00000000Xqqq1hghdgagv', '18-04-2030', 1),
('00000000Xqqq1hghdgagv', '18-04-2030', 1),('00000000Xqqq1hghdgagv', '18-04-2030', 1),('00000000Xqqq1hghdgagv', '18-04-2030', 1),('00000000Xqqq1hghdgagv', '18-04-2030', 1),('00000000Xqqq1hghdgagv', '18-04-2030', 1),
('00000000Xqqq1hghdgagv', '18-04-2030', 1),('00000000Xqqq1hghdgagv', '18-04-2030', 1),('00000000Xqqq1hghdgagv', '18-04-2030', 1),('00000000Xqqq1hghdgagv', '18-04-2030', 1),('00000000Xqqq1hghdgagv', '18-04-2030', 1),
('00000000Xqqq1hghdgagv', '18-04-2030', 1),('00000000Xqqq1hghdgagv', '18-04-2030', 1),('00000000Xqqq1hghdgagv', '18-04-2030', 1),('00000000Xqqq1hghdgagv', '18-04-2030', 1),('00000000Xqqq1hghdgagv', '18-04-2030', 1),
('00000000Xqqq1hghdgagv', '18-04-2030', 1),('00000000Xqqq1hghdgagv', '18-04-2030', 1),('00000000Xqqq1hghdgagv', '18-04-2030', 1),('00000000Xqqq1hghdgagv', '18-04-2030', 1),('00000000Xqqq1hghdgagv', '18-04-2030', 1),
('00000000Xqqq1hghdgagv', '18-04-2030', 1),('00000000Xqqq1hghdgagv', '18-04-2030', 1),('00000000Xqqq1hghdgagv', '18-04-2030', 1),('00000000Xqqq1hghdgagv', '18-04-2030', 1),('00000000Xqqq1hghdgagv', '18-04-2030', 1),
('00000000Xqqq1hghdgagv', '18-04-2030', 1),('00000000Xqqq1hghdgagv', '18-04-2030', 1),('00000000Xqqq1hghdgagv', '18-04-2030', 1),('00000000Xqqq1hghdgagv', '18-04-2030', 1),('00000000Xqqq1hghdgagv', '18-04-2030', 1),
('00000000Xqqq1hghdgagv', '18-04-2030', 1),('00000000Xqqq1hghdgagv', '18-04-2030', 1),('00000000Xqqq1hghdgagv', '18-04-2030', 1),('00000000Xqqq1hghdgagv', '18-04-2030', 1),('00000000Xqqq1hghdgagv', '18-04-2030', 1),
('00000000Xqqq1hghdgagv', '18-04-2030', 1),('00000000Xqqq1hghdgagv', '18-04-2030', 1),('00000000Xqqq1hghdgagv', '18-04-2030', 1),('00000000Xqqq1hghdgagv', '18-04-2030', 1),('00000000Xqqq1hghdgagv', '18-04-2030', 1),
('00000000Xqqq1hghdgagv', '18-04-2030', 1),('00000000Xqqq1hghdgagv', '18-04-2030', 1),('00000000Xqqq1hghdgagv', '18-04-2030', 1),('00000000Xqqq1hghdgagv', '18-04-2030', 1),('00000000Xqqq1hghdgagv', '18-04-2030', 1),
('00000000Xqqq1hghdgagv', '18-04-2030', 1),('00000000Xqqq1hghdgagv', '18-04-2030', 1),('00000000Xqqq1hghdgagv', '18-04-2030', 1),('00000000Xqqq1hghdgagv', '18-04-2030', 1),('00000000Xqqq1hghdgagv', '18-04-2030', 1),
('00000000Xqqq1hghdgagv', '18-04-2030', 1),('00000000Xqqq1hghdgagv', '18-04-2030', 1),('00000000Xqqq1hghdgagv', '18-04-2030', 1),('00000000Xqqq1hghdgagv', '18-04-2030', 1),('00000000Xqqq1hghdgagv', '18-04-2030', 1),
('00000000Xqqq1hghdgagv', '18-04-2030', 1),('00000000Xqqq1hghdgagv', '18-04-2030', 1),('00000000Xqqq1hghdgagv', '18-04-2030', 1),('00000000Xqqq1hghdgagv', '18-04-2030', 1),('00000000Xqqq1hghdgagv', '18-04-2030', 1),
('00000000Xqqq1hghdgagv', '18-04-2030', 1),('00000000Xqqq1hghdgagv', '18-04-2030', 1),('00000000Xqqq1hghdgagv', '18-04-2030', 1),('00000000Xqqq1hghdgagv', '18-04-2030', 1),('00000000Xqqq1hghdgagv', '18-04-2030', 1),
('00000000Xqqq1hghdgagv', '18-04-2030', 1),('00000000Xqqq1hghdgagv', '18-04-2030', 1),('00000000Xqqq1hghdgagv', '18-04-2030', 1),('00000000Xqqq1hghdgagv', '18-04-2030', 1),('00000000Xqqq1hghdgagv', '18-04-2030', 1),
('00000000Xqqq1hghdgagv', '18-04-2030', 1),('00000000Xqqq1hghdgagv', '18-04-2030', 1),('00000000Xqqq1hghdgagv', '18-04-2030', 1),('00000000Xqqq1hghdgagv', '18-04-2030', 1),('00000000Xqqq1hghdgagv', '18-04-2030', 1),
('00000000Xqqq1hghdgagv', '18-04-2030', 1),('00000000Xqqq1hghdgagv', '18-04-2030', 1),('00000000Xqqq1hghdgagv', '18-04-2030', 1),('00000000Xqqq1hghdgagv', '18-04-2030', 1),('00000000Xqqq1hghdgagv', '18-04-2030', 1),
('00000000Xqqq1hghdgagv', '18-04-2030', 1),('00000000Xqqq1hghdgagv', '18-04-2030', 1),('00000000Xqqq1hghdgagv', '18-04-2030', 1),('00000000Xqqq1hghdgagv', '18-04-2030', 1),('00000000Xqqq1hghdgagv', '18-04-2030', 1),
('00000000Xqqq1hghdgagv', '18-04-2030', 1),('00000000Xqqq1hghdgagv', '18-04-2030', 1),('00000000Xqqq1hghdgagv', '18-04-2030', 1),('00000000Xqqq1hghdgagv', '18-04-2030', 1),('00000000Xqqq1hghdgagv', '18-04-2030', 1),
('00000000Xqqq1hghdgagv', '18-04-2030', 1),('00000000Xqqq1hghdgagv', '18-04-2030', 1),('00000000Xqqq1hghdgagv', '18-04-2030', 1),('00000000Xqqq1hghdgagv', '18-04-2030', 1),('00000000Xqqq1hghdgagv', '18-04-2030', 1),
('00000000Xqqq1hghdgagv', '18-04-2030', 1),('00000000Xqqq1hghdgagv', '18-04-2030', 1),('00000000Xqqq1hghdgagv', '18-04-2030', 1),('00000000Xqqq1hghdgagv', '18-04-2030', 1),('00000000Xqqq1hghdgagv', '18-04-2030', 1),
('00000000Xqqq1hghdgagv', '18-04-2030', 1),('00000000Xqqq1hghdgagv', '18-04-2030', 1),('00000000Xqqq1hghdgagv', '18-04-2030', 1),('00000000Xqqq1hghdgagv', '18-04-2030', 1),('00000000Xqqq1hghdgagv', '18-04-2030', 1),
('00000000Xqqq1hghdgagv', '18-04-2030', 1),('00000000Xqqq1hghdgagv', '18-04-2030', 1),('00000000Xqqq1hghdgagv', '18-04-2030', 1),('00000000Xqqq1hghdgagv', '18-04-2030', 1),('00000000Xqqq1hghdgagv', '18-04-2030', 1),
('00000000Xqqq1hghdgagv', '18-04-2030', 1),('00000000Xqqq1hghdgagv', '18-04-2030', 1),('00000000Xqqq1hghdgagv', '18-04-2030', 1),('00000000Xqqq1hghdgagv', '18-04-2030', 1),('00000000Xqqq1hghdgagv', '18-04-2030', 1),
('00000000Xqqq1hghdgagv', '18-04-2030', 1),('00000000Xqqq1hghdgagv', '18-04-2030', 1),('00000000Xqqq1hghdgagv', '18-04-2030', 1),('00000000Xqqq1hghdgagv', '18-04-2030', 1),('00000000Xqqq1hghdgagv', '18-04-2030', 1),
('00000000Xqqq1hghdgagv', '18-04-2030', 1),('00000000Xqqq1hghdgagv', '18-04-2030', 1),('00000000Xqqq1hghdgagv', '18-04-2030', 1),('00000000Xqqq1hghdgagv', '18-04-2030', 1),('00000000Xqqq1hghdgagv', '18-04-2030', 1),
('00000000Xqqq1hghdgagv', '18-04-2030', 1),('00000000Xqqq1hghdgagv', '18-04-2030', 1),('00000000Xqqq1hghdgagv', '18-04-2030', 1),('00000000Xqqq1hghdgagv', '18-04-2030', 1),('00000000Xqqq1hghdgagv', '18-04-2030', 1),
('00000000Xqqq1hghdgagv', '18-04-2030', 1),('00000000Xqqq1hghdgagv', '18-04-2030', 1),('00000000Xqqq1hghdgagv', '18-04-2030', 1),('00000000Xqqq1hghdgagv', '18-04-2030', 1),('00000000Xqqq1hghdgagv', '18-04-2030', 1),
('00000000Xqqq1hghdgagv', '18-04-2030', 1),('00000000Xqqq1hghdgagv', '18-04-2030', 1),('00000000Xqqq1hghdgagv', '18-04-2030', 1),('00000000Xqqq1hghdgagv', '18-04-2030', 1),('00000000Xqqq1hghdgagv', '18-04-2030', 1),
('00000000Xqqq1hghdgagv', '18-04-2030', 1),('00000000Xqqq1hghdgagv', '18-04-2030', 1),('00000000Xqqq1hghdgagv', '18-04-2030', 1),('00000000Xqqq1hghdgagv', '18-04-2030', 1),('00000000Xqqq1hghdgagv', '18-04-2030', 1);

INSERT INTO CentroOficial VALUES
(1),(2),(3),(11),(21),(31),(12),(22),(32),(13),(23),(33),(14),(24),(34),(15),(25),(35),(16),(26),(36),(17),(27),(37),
(18),(28),(38),(111),(211),(311),(121),(221),(321),(131),(231),(331),(141),(241),(341),(151),(251),(351),(161),(261),(361),(171),(271),(371),
(19),(29),(39),(112),(212),(312),(122),(222),(322),(132),(232),(332),(142),(242),(342),(152),(252),(352),(162),(262),(362),(172),(272),(372),
(10),(20),(30),(113),(213),(313),(123),(223),(323),(133),(233),(333),(143),(243),(343),(153),(253),(353),(163),(263),(363),(173),(273),(373),
(1111),(2111),(3111),(114),(214),(314),(124),(224),(324),(134),(234),(334),(144),(244),(344),(154),(254),(354),(164),(264),(364),(174),(274),(374),
(1222),(2222),(3222),(115),(215),(315),(125),(225),(325),(135),(235),(335),(145),(245),(345),(155),(255),(355),(165),(265),(365),(175),(275),(375),
(1333),(2333),(3333),(116),(216),(316),(126),(226),(326),(136),(236),(336),(146),(246),(346),(156),(256),(356),(166),(266),(366),(176),(276),(376),
(1444),(2444),(3444),(117),(217),(317),(127),(227),(327),(137),(237),(337),(147),(247),(347),(157),(257),(357),(167),(267),(367),(177),(277),(377),
(1555),(2555),(3555),(118),(218),(318),(128),(228),(328),(138),(238),(338),(148),(248),(348),(158),(258),(358),(168),(268),(368),(178),(278),(378),
(1666),(2666),(3666),(119),(219),(319),(129),(229),(329),(139),(239),(339),(149),(249),(349),(159),(259),(359),(169),(269),(369),(179),(279),(379),
(1777),(2777),(3777),(110),(210),(310),(120),(220),(320),(130),(230),(330),(140),(240),(340),(150),(250),(350),(160),(260),(360),(170),(270),(370);

INSERT INTO ExamenPractico (DNI, Calificacion, CentroOficial) VALUES 
(1,'APTO',21),(1,'APTO',21),(1,'APTO',21),(1,'APTO',21),(1,'APTO',21),(1,'APTO',21),(1,'APTO',21),(1,'APTO',21),(1,'APTO',21),(1,'APTO',21),
(1,'APTO',21),(1,'APTO',21),(1,'APTO',21),(1,'APTO',21),(1,'APTO',21),(1,'APTO',21),(1,'APTO',21),(1,'APTO',21),(1,'APTO',21),(1,'APTO',21),
(1,'APTO',21),(1,'APTO',21),(1,'APTO',21),(1,'APTO',21),(1,'APTO',21),(1,'APTO',21),(1,'APTO',21),(1,'APTO',21),(1,'APTO',21),(1,'APTO',21),
(1,'APTO',21),(1,'APTO',21),(1,'APTO',21),(1,'APTO',21),(1,'APTO',21),(1,'APTO',21),(1,'APTO',21),(1,'APTO',21),(1,'APTO',21),(1,'APTO',21),
(1,'APTO',21),(1,'APTO',21),(1,'APTO',21),(1,'APTO',21),(1,'APTO',21),(1,'APTO',21),(1,'APTO',21),(1,'APTO',21),(1,'APTO',21),(1,'APTO',21),
(1,'APTO',21),(1,'APTO',21),(1,'APTO',21),(1,'APTO',21),(1,'APTO',21),(1,'APTO',21),(1,'APTO',21),(1,'APTO',21),(1,'APTO',21),(1,'APTO',21),
(1,'APTO',21),(1,'APTO',21),(1,'APTO',21),(1,'APTO',21),(1,'APTO',21),(1,'APTO',21),(1,'APTO',21),(1,'APTO',21),(1,'APTO',21),(1,'APTO',21),
(1,'APTO',21),(1,'APTO',21),(1,'APTO',21),(1,'APTO',21),(1,'APTO',21),(1,'APTO',21),(1,'APTO',21),(1,'APTO',21),(1,'APTO',21),(1,'APTO',21),
(1,'APTO',21),(1,'APTO',21),(1,'APTO',21),(1,'APTO',21),(1,'APTO',21),(1,'APTO',21),(1,'APTO',21),(1,'APTO',21),(1,'APTO',21),(1,'APTO',21),
(1,'APTO',21),(1,'APTO',21),(1,'APTO',21),(1,'APTO',21),(1,'APTO',21),(1,'APTO',21),(1,'APTO',21),(1,'APTO',21),(1,'APTO',21),(1,'APTO',21),
(1,'APTO',21),(1,'APTO',21),(1,'APTO',21),(1,'APTO',21),(1,'APTO',21),(1,'APTO',21),(1,'APTO',21),(1,'APTO',21),(1,'APTO',21),(1,'APTO',21),
(1,'APTO',21),(1,'APTO',21),(1,'APTO',21),(1,'APTO',21),(1,'APTO',21),(1,'APTO',21),(1,'APTO',21),(1,'APTO',21),(1,'APTO',21),(1,'APTO',21),
(1,'APTO',21),(1,'APTO',21),(1,'APTO',21),(1,'APTO',21),(1,'APTO',21),(1,'APTO',21),(1,'APTO',21),(1,'APTO',21),(1,'APTO',21),(1,'APTO',21),
(1,'APTO',21),(1,'APTO',21),(1,'APTO',21),(1,'APTO',21),(1,'APTO',21),(1,'APTO',21),(1,'APTO',21),(1,'APTO',21),(1,'APTO',21),(1,'APTO',21),
(1,'APTO',21),(1,'APTO',21),(1,'APTO',21),(1,'APTO',21),(1,'APTO',21),(1,'APTO',21),(1,'APTO',21),(1,'APTO',21),(1,'APTO',21),(1,'APTO',21),
(1,'APTO',21),(1,'APTO',21),(1,'APTO',21),(1,'APTO',21),(1,'APTO',21),(1,'APTO',21),(1,'APTO',21),(1,'APTO',21),(1,'APTO',21),(1,'APTO',21),
(1,'APTO',21),(1,'APTO',21),(1,'APTO',21),(1,'APTO',21),(1,'APTO',21),(1,'APTO',21),(1,'APTO',21),(1,'APTO',21),(1,'APTO',21),(1,'APTO',21),
(1,'APTO',21),(1,'APTO',21),(1,'APTO',21),(1,'APTO',21),(1,'APTO',21),(1,'APTO',21),(1,'APTO',21),(1,'APTO',21),(1,'APTO',21),(1,'APTO',21),
(1,'APTO',21),(1,'APTO',21),(1,'APTO',21),(1,'APTO',21),(1,'APTO',21),(1,'APTO',21),(1,'APTO',21),(1,'APTO',21),(1,'APTO',21),(1,'APTO',21),
(1,'APTO',21),(1,'APTO',21),(1,'APTO',21),(1,'APTO',21),(1,'APTO',21),(1,'APTO',21),(1,'APTO',21),(1,'APTO',21),(1,'APTO',21),(1,'APTO',21),
(1,'APTO',21),(1,'APTO',21),(1,'APTO',21),(1,'APTO',21),(1,'APTO',21),(1,'APTO',21),(1,'APTO',21),(1,'APTO',21),(1,'APTO',21),(1,'APTO',21),
(1,'APTO',21),(1,'APTO',21),(1,'APTO',21),(1,'APTO',21),(1,'APTO',21),(1,'APTO',21),(1,'APTO',21),(1,'APTO',21),(1,'APTO',21),(1,'APTO',21),
(1,'APTO',21),(1,'APTO',21),(1,'APTO',21),(1,'APTO',21),(1,'APTO',21),(1,'APTO',21),(1,'APTO',21),(1,'APTO',21),(1,'APTO',21),(1,'APTO',21),
(1,'APTO',21),(1,'APTO',21),(1,'APTO',21),(1,'APTO',21),(1,'APTO',21),(1,'APTO',21),(1,'APTO',21),(1,'APTO',21),(1,'APTO',21),(1,'APTO',21),
(1,'APTO',21),(1,'APTO',21),(1,'APTO',21),(1,'APTO',21),(1,'APTO',21),(1,'APTO',21),(1,'APTO',21),(1,'APTO',21),(1,'APTO',21),(1,'APTO',21),
(1,'APTO',21),(1,'APTO',21),(1,'APTO',21),(1,'APTO',21),(1,'APTO',21),(1,'APTO',21),(1,'APTO',21),(1,'APTO',21),(1,'APTO',21),(1,'APTO',21),
(1,'APTO',21),(1,'APTO',21),(1,'APTO',21),(1,'APTO',21),(1,'APTO',21),(1,'APTO',21),(1,'APTO',21),(1,'APTO',21),(1,'APTO',21),(1,'APTO',21),
(1,'APTO',21),(1,'APTO',21),(1,'APTO',21),(1,'APTO',21),(1,'APTO',21),(1,'APTO',21),(1,'APTO',21),(1,'APTO',21),(1,'APTO',21),(1,'APTO',21),
(1,'APTO',21),(1,'APTO',21),(1,'APTO',21),(1,'APTO',21),(1,'APTO',21),(1,'APTO',21),(1,'APTO',21),(1,'APTO',21),(1,'APTO',21),(1,'APTO',21),
(1,'APTO',21),(1,'APTO',21),(1,'APTO',21),(1,'APTO',21),(1,'APTO',21),(1,'APTO',21),(1,'APTO',21),(1,'APTO',21),(1,'APTO',21),(1,'APTO',21),
(1,'APTO',21),(1,'APTO',21),(1,'APTO',21),(1,'APTO',21),(1,'APTO',21),(1,'APTO',21),(1,'APTO',21),(1,'APTO',21),(1,'APTO',21),(1,'APTO',21),
(1,'APTO',21),(1,'APTO',21),(1,'APTO',21),(1,'APTO',21),(1,'APTO',21),(1,'APTO',21),(1,'APTO',21),(1,'APTO',21),(1,'APTO',21),(1,'APTO',21),
(1,'APTO',21),(1,'APTO',21),(1,'APTO',21),(1,'APTO',21),(1,'APTO',21),(1,'APTO',21),(1,'APTO',21),(1,'APTO',21),(1,'APTO',21),(1,'APTO',21),
(1,'APTO',21),(1,'APTO',21),(1,'APTO',21),(1,'APTO',21),(1,'APTO',21),(1,'APTO',21),(1,'APTO',21),(1,'APTO',21),(1,'APTO',21),(1,'APTO',21),
(1,'APTO',21),(1,'APTO',21),(1,'APTO',21),(1,'APTO',21),(1,'APTO',21),(1,'APTO',21),(1,'APTO',21),(1,'APTO',21),(1,'APTO',21),(1,'APTO',21),
(1,'APTO',21),(1,'APTO',21),(1,'APTO',21),(1,'APTO',21),(1,'APTO',21),(1,'APTO',21),(1,'APTO',21),(1,'APTO',21),(1,'APTO',21),(1,'APTO',21),
(1,'APTO',21),(1,'APTO',21),(1,'APTO',21),(1,'APTO',21),(1,'APTO',21),(1,'APTO',21),(1,'APTO',21),(1,'APTO',21),(1,'APTO',21),(1,'APTO',21),
(1,'APTO',21),(1,'APTO',21),(1,'APTO',21),(1,'APTO',21),(1,'APTO',21),(1,'APTO',21),(1,'APTO',21),(1,'APTO',21),(1,'APTO',21),(1,'APTO',21),
(1,'APTO',21),(1,'APTO',21),(1,'APTO',21),(1,'APTO',21),(1,'APTO',21),(1,'APTO',21),(1,'APTO',21),(1,'APTO',21),(1,'APTO',21),(1,'APTO',21),
(1,'APTO',21),(1,'APTO',21),(1,'APTO',21),(1,'APTO',21),(1,'APTO',21),(1,'APTO',21),(1,'APTO',21),(1,'APTO',21),(1,'APTO',21),(1,'APTO',21),
(1,'APTO',21),(1,'APTO',21),(1,'APTO',21),(1,'APTO',21),(1,'APTO',21),(1,'APTO',21),(1,'APTO',21),(1,'APTO',21),(1,'APTO',21),(1,'APTO',21),
(1,'APTO',21),(1,'APTO',21),(1,'APTO',21),(1,'APTO',21),(1,'APTO',21),(1,'APTO',21),(1,'APTO',21),(1,'APTO',21),(1,'APTO',21),(1,'APTO',21),
(1,'APTO',21),(1,'APTO',21),(1,'APTO',21),(1,'APTO',21),(1,'APTO',21),(1,'APTO',21),(1,'APTO',21),(1,'APTO',21),(1,'APTO',21),(1,'APTO',21),
(1,'APTO',21),(1,'APTO',21),(1,'APTO',21),(1,'APTO',21),(1,'APTO',21),(1,'APTO',21),(1,'APTO',21),(1,'APTO',21),(1,'APTO',21),(1,'APTO',21),
(1,'APTO',21),(1,'APTO',21),(1,'APTO',21),(1,'APTO',21),(1,'APTO',21),(1,'APTO',21),(1,'APTO',21),(1,'APTO',21),(1,'APTO',21),(1,'APTO',21),
(1,'APTO',21),(1,'APTO',21),(1,'APTO',21),(1,'APTO',21),(1,'APTO',21),(1,'APTO',21),(1,'APTO',21),(1,'APTO',21),(1,'APTO',21),(1,'APTO',21),
(1,'APTO',21),(1,'APTO',21),(1,'APTO',21),(1,'APTO',21),(1,'APTO',21),(1,'APTO',21),(1,'APTO',21),(1,'APTO',21),(1,'APTO',21),(1,'APTO',21),
(1,'APTO',21),(1,'APTO',21),(1,'APTO',21),(1,'APTO',21),(1,'APTO',21),(1,'APTO',21),(1,'APTO',21),(1,'APTO',21),(1,'APTO',21),(1,'APTO',21),
(1,'APTO',21),(1,'APTO',21),(1,'APTO',21),(1,'APTO',21),(1,'APTO',21),(1,'APTO',21),(1,'APTO',21),(1,'APTO',21),(1,'APTO',21),(1,'APTO',21),
(1,'APTO',21),(1,'APTO',21),(1,'APTO',21),(1,'APTO',21),(1,'APTO',21),(1,'APTO',21),(1,'APTO',21),(1,'APTO',21),(1,'APTO',21),(1,'APTO',21),
(1,'APTO',21),(1,'APTO',21),(1,'APTO',21),(1,'APTO',21),(1,'APTO',21),(1,'APTO',21),(1,'APTO',21),(1,'APTO',21),(1,'APTO',21),(1,'APTO',21),
(1,'APTO',21),(1,'APTO',21),(1,'APTO',21),(1,'APTO',21),(1,'APTO',21),(1,'APTO',21),(1,'APTO',21),(1,'APTO',21),(1,'APTO',21),(1,'APTO',21),
(1,'APTO',21),(1,'APTO',21),(1,'APTO',21),(1,'APTO',21),(1,'APTO',21),(1,'APTO',21),(1,'APTO',21),(1,'APTO',21),(1,'APTO',21),(1,'APTO',21),
(1,'APTO',21),(1,'APTO',21),(1,'APTO',21),(1,'APTO',21),(1,'APTO',21),(1,'APTO',21),(1,'APTO',21),(1,'APTO',21),(1,'APTO',21),(1,'APTO',21),
(1,'APTO',21),(1,'APTO',21),(1,'APTO',21),(1,'APTO',21),(1,'APTO',21),(1,'APTO',21),(1,'APTO',21),(1,'APTO',21),(1,'APTO',21),(1,'APTO',21),
(1,'APTO',21),(1,'APTO',21),(1,'APTO',21),(1,'APTO',21),(1,'APTO',21),(1,'APTO',21),(1,'APTO',21),(1,'APTO',21),(1,'APTO',21),(1,'APTO',21),
(1,'APTO',21),(1,'APTO',21),(1,'APTO',21),(1,'APTO',21),(1,'APTO',21),(1,'APTO',21),(1,'APTO',21),(1,'APTO',21),(1,'APTO',21),(1,'APTO',21),
(1,'APTO',21),(1,'APTO',21),(1,'APTO',21),(1,'APTO',21),(1,'APTO',21),(1,'APTO',21),(1,'APTO',21),(1,'APTO',21),(1,'APTO',21),(1,'APTO',21),
(1,'APTO',21),(1,'APTO',21),(1,'APTO',21),(1,'APTO',21),(1,'APTO',21),(1,'APTO',21),(1,'APTO',21),(1,'APTO',21),(1,'APTO',21),(1,'APTO',21),
(1,'APTO',21),(1,'APTO',21),(1,'APTO',21),(1,'APTO',21),(1,'APTO',21),(1,'APTO',21),(1,'APTO',21),(1,'APTO',21),(1,'APTO',21),(1,'APTO',21),
(1,'APTO',21),(1,'APTO',21),(1,'APTO',21),(1,'APTO',21),(1,'APTO',21),(1,'APTO',21),(1,'APTO',21),(1,'APTO',21),(1,'APTO',21),(1,'APTO',21),
(1,'APTO',21),(1,'APTO',21),(1,'APTO',21),(1,'APTO',21),(1,'APTO',21),(1,'APTO',21),(1,'APTO',21),(1,'APTO',21),(1,'APTO',21),(1,'APTO',21),
(1,'APTO',21),(1,'APTO',21),(1,'APTO',21),(1,'APTO',21),(1,'APTO',21),(1,'APTO',21),(1,'APTO',21),(1,'APTO',21),(1,'APTO',21),(1,'APTO',21),
(1,'APTO',21),(1,'APTO',21),(1,'APTO',21),(1,'APTO',21),(1,'APTO',21),(1,'APTO',21),(1,'APTO',21),(1,'APTO',21),(1,'APTO',21),(1,'APTO',21),
(1,'APTO',21),(1,'APTO',21),(1,'APTO',21),(1,'APTO',21),(1,'APTO',21),(1,'APTO',21),(1,'APTO',21),(1,'APTO',21),(1,'APTO',21),(1,'APTO',21),
(1,'APTO',21),(1,'APTO',21),(1,'APTO',21),(1,'APTO',21),(1,'APTO',21),(1,'APTO',21),(1,'APTO',21),(1,'APTO',21),(1,'APTO',21),(1,'APTO',21),
(1,'APTO',21),(1,'APTO',21),(1,'APTO',21),(1,'APTO',21),(1,'APTO',21),(1,'APTO',21),(1,'APTO',21),(1,'APTO',21),(1,'APTO',21),(1,'APTO',21),
(1,'APTO',21),(1,'APTO',21),(1,'APTO',21),(1,'APTO',21),(1,'APTO',21),(1,'APTO',21),(1,'APTO',21),(1,'APTO',21),(1,'APTO',21),(1,'APTO',21),
(1,'APTO',21),(1,'APTO',21),(1,'APTO',21),(1,'APTO',21),(1,'APTO',21),(1,'APTO',21),(1,'APTO',21),(1,'APTO',21),(1,'APTO',21),(1,'APTO',21),
(1,'APTO',21),(1,'APTO',21),(1,'APTO',21),(1,'APTO',21),(1,'APTO',21),(1,'APTO',21),(1,'APTO',21),(1,'APTO',21),(1,'APTO',21),(1,'APTO',21),
(1,'APTO',21),(1,'APTO',21),(1,'APTO',21),(1,'APTO',21),(1,'APTO',21),(1,'APTO',21),(1,'APTO',21),(1,'APTO',21),(1,'APTO',21),(1,'APTO',21),
(1,'APTO',21),(1,'APTO',21),(1,'APTO',21),(1,'APTO',21),(1,'APTO',21),(1,'APTO',21),(1,'APTO',21),(1,'APTO',21),(1,'APTO',21),(1,'APTO',21),
(1,'APTO',21),(1,'APTO',21),(1,'APTO',21),(1,'APTO',21),(1,'APTO',21),(1,'APTO',21),(1,'APTO',21),(1,'APTO',21),(1,'APTO',21),(1,'APTO',21),
(1,'APTO',21),(1,'APTO',21),(1,'APTO',21),(1,'APTO',21),(1,'APTO',21),(1,'APTO',21),(1,'APTO',21),(1,'APTO',21),(1,'APTO',21),(1,'APTO',21),
(1,'APTO',21),(1,'APTO',21),(1,'APTO',21),(1,'APTO',21),(1,'APTO',21),(1,'APTO',21),(1,'APTO',21),(1,'APTO',21),(1,'APTO',21),(1,'APTO',21),
(1,'APTO',21),(1,'APTO',21),(1,'APTO',21),(1,'APTO',21),(1,'APTO',21),(1,'APTO',21),(1,'APTO',21),(1,'APTO',21),(1,'APTO',21),(1,'APTO',21),
(1,'APTO',21),(1,'APTO',21),(1,'APTO',21),(1,'APTO',21),(1,'APTO',21),(1,'APTO',21),(1,'APTO',21),(1,'APTO',21),(1,'APTO',21),(1,'APTO',21),
(1,'APTO',21),(1,'APTO',21),(1,'APTO',21),(1,'APTO',21),(1,'APTO',21),(1,'APTO',21),(1,'APTO',21),(1,'APTO',21),(1,'APTO',21),(1,'APTO',21),
(1,'APTO',21),(1,'APTO',21),(1,'APTO',21),(1,'APTO',21),(1,'APTO',21),(1,'APTO',21),(1,'APTO',21),(1,'APTO',21),(1,'APTO',21),(1,'APTO',21),
(1,'APTO',21),(1,'APTO',21),(1,'APTO',21),(1,'APTO',21),(1,'APTO',21),(1,'APTO',21),(1,'APTO',21),(1,'APTO',21),(1,'APTO',21),(1,'APTO',21);

INSERT INTO ExamenTeorico (CentroOficial) VALUES 
(1),(2),(3),(11),(21),(31),(12),(22),(32),(13),(23),(33),(14),(24),(34),(15),(25),(35),(16),(26),(36),(17),(27),(37),(1),(2),(3),(11),(21),(31),
(1),(2),(3),(11),(21),(31),(12),(22),(32),(13),(23),(33),(14),(24),(34),(15),(25),(35),(16),(26),(36),(17),(27),(37),(1),(2),(3),(11),(21),(31),
(1),(2),(3),(11),(21),(31),(12),(22),(32),(13),(23),(33),(14),(24),(34),(15),(25),(35),(16),(26),(36),(17),(27),(37),(1),(2),(3),(11),(21),(31),
(1),(2),(3),(11),(21),(31),(12),(22),(32),(13),(23),(33),(14),(24),(34),(15),(25),(35),(16),(26),(36),(17),(27),(37),(1),(2),(3),(11),(21),(31),
(1),(2),(3),(11),(21),(31),(12),(22),(32),(13),(23),(33),(14),(24),(34),(15),(25),(35),(16),(26),(36),(17),(27),(37),(1),(2),(3),(11),(21),(31),
(1),(2),(3),(11),(21),(31),(12),(22),(32),(13),(23),(33),(14),(24),(34),(15),(25),(35),(16),(26),(36),(17),(27),(37),(1),(2),(3),(11),(21),(31),
(1),(2),(3),(11),(21),(31),(12),(22),(32),(13),(23),(33),(14),(24),(34),(15),(25),(35),(16),(26),(36),(17),(27),(37),(1),(2),(3),(11),(21),(31),
(1),(2),(3),(11),(21),(31),(12),(22),(32),(13),(23),(33),(14),(24),(34),(15),(25),(35),(16),(26),(36),(17),(27),(37),(1),(2),(3),(11),(21),(31),
(1),(2),(3),(11),(21),(31),(12),(22),(32),(13),(23),(33),(14),(24),(34),(15),(25),(35),(16),(26),(36),(17),(27),(37),(1),(2),(3),(11),(21),(31),
(1),(2),(3),(11),(21),(31),(12),(22),(32),(13),(23),(33),(14),(24),(34),(15),(25),(35),(16),(26),(36),(17),(27),(37),(1),(2),(3),(11),(21),(31),
(1),(2),(3),(11),(21),(31),(12),(22),(32),(13),(23),(33),(14),(24),(34),(15),(25),(35),(16),(26),(36),(17),(27),(37),(1),(2),(3),(11),(21),(31),
(1),(2),(3),(11),(21),(31),(12),(22),(32),(13),(23),(33),(14),(24),(34),(15),(25),(35),(16),(26),(36),(17),(27),(37),(1),(2),(3),(11),(21),(31),
(1),(2),(3),(11),(21),(31),(12),(22),(32),(13),(23),(33),(14),(24),(34),(15),(25),(35),(16),(26),(36),(17),(27),(37),(1),(2),(3),(11),(21),(31),
(1),(2),(3),(11),(21),(31),(12),(22),(32),(13),(23),(33),(14),(24),(34),(15),(25),(35),(16),(26),(36),(17),(27),(37),(1),(2),(3),(11),(21),(31),
(1),(2),(3),(11),(21),(31),(12),(22),(32),(13),(23),(33),(14),(24),(34),(15),(25),(35),(16),(26),(36),(17),(27),(37),(1),(2),(3),(11),(21),(31),
(1),(2),(3),(11),(21),(31),(12),(22),(32),(13),(23),(33),(14),(24),(34),(15),(25),(35),(16),(26),(36),(17),(27),(37),(1),(2),(3),(11),(21),(31),
(1),(2),(3),(11),(21),(31),(12),(22),(32),(13),(23),(33),(14),(24),(34),(15),(25),(35),(16),(26),(36),(17),(27),(37),(1),(2),(3),(11),(21),(31),
(1),(2),(3),(11),(21),(31),(12),(22),(32),(13),(23),(33),(14),(24),(34),(15),(25),(35),(16),(26),(36),(17),(27),(37),(1),(2),(3),(11),(21),(31),
(1),(2),(3),(11),(21),(31),(12),(22),(32),(13),(23),(33),(14),(24),(34),(15),(25),(35),(16),(26),(36),(17),(27),(37),(1),(2),(3),(11),(21),(31),
(1),(2),(3),(11),(21),(31),(12),(22),(32),(13),(23),(33),(14),(24),(34),(15),(25),(35),(16),(26),(36),(17),(27),(37),(1),(2),(3),(11),(21),(31),
(1),(2),(3),(11),(21),(31),(12),(22),(32),(13),(23),(33),(14),(24),(34),(15),(25),(35),(16),(26),(36),(17),(27),(37),(1),(2),(3),(11),(21),(31),
(1),(2),(3),(11),(21),(31),(12),(22),(32),(13),(23),(33),(14),(24),(34),(15),(25),(35),(16),(26),(36),(17),(27),(37),(1),(2),(3),(11),(21),(31),
(1),(2),(3),(11),(21),(31),(12),(22),(32),(13),(23),(33),(14),(24),(34),(15),(25),(35),(16),(26),(36),(17),(27),(37),(1),(2),(3),(11),(21),(31),
(1),(2),(3),(11),(21),(31),(12),(22),(32),(13),(23),(33),(14),(24),(34),(15),(25),(35),(16),(26),(36),(17),(27),(37),(1),(2),(3),(11),(21),(31),
(1),(2),(3),(11),(21),(31),(12),(22),(32),(13),(23),(33),(14),(24),(34),(15),(25),(35),(16),(26),(36),(17),(27),(37),(1),(2),(3),(11),(21),(31);

INSERT INTO Contiene (Numero,Vehiculo) VALUES
(1,'B'),(1,'B'),(1,'B'),(1,'B'),(1,'B'),(1,'B'),(1,'B'),(1,'B'),(1,'B'),(1,'B'),(1,'B'),(1,'B'),(1,'B'),(1,'B'),(1,'B'),(1,'B'),(1,'B'),(1,'B'),(1,'B'),(1,'B'),
(1,'B'),(1,'B'),(1,'B'),(1,'B'),(1,'B'),(1,'B'),(1,'B'),(1,'B'),(1,'B'),(1,'B'),(1,'B'),(1,'B'),(1,'B'),(1,'B'),(1,'B'),(1,'B'),(1,'B'),(1,'B'),(1,'B'),(1,'B'),
(1,'B'),(1,'B'),(1,'B'),(1,'B'),(1,'B'),(1,'B'),(1,'B'),(1,'B'),(1,'B'),(1,'B'),(1,'B'),(1,'B'),(1,'B'),(1,'B'),(1,'B'),(1,'B'),(1,'B'),(1,'B'),(1,'B'),(1,'B'),
(1,'B'),(1,'B'),(1,'B'),(1,'B'),(1,'B'),(1,'B'),(1,'B'),(1,'B'),(1,'B'),(1,'B'),(1,'B'),(1,'B'),(1,'B'),(1,'B'),(1,'B'),(1,'B'),(1,'B'),(1,'B'),(1,'B'),(1,'B'),
(1,'B'),(1,'B'),(1,'B'),(1,'B'),(1,'B'),(1,'B'),(1,'B'),(1,'B'),(1,'B'),(1,'B'),(1,'B'),(1,'B'),(1,'B'),(1,'B'),(1,'B'),(1,'B'),(1,'B'),(1,'B'),(1,'B'),(1,'B'),
(1,'B'),(1,'B'),(1,'B'),(1,'B'),(1,'B'),(1,'B'),(1,'B'),(1,'B'),(1,'B'),(1,'B'),(1,'B'),(1,'B'),(1,'B'),(1,'B'),(1,'B'),(1,'B'),(1,'B'),(1,'B'),(1,'B'),(1,'B'),
(1,'B'),(1,'B'),(1,'B'),(1,'B'),(1,'B'),(1,'B'),(1,'B'),(1,'B'),(1,'B'),(1,'B'),(1,'B'),(1,'B'),(1,'B'),(1,'B'),(1,'B'),(1,'B'),(1,'B'),(1,'B'),(1,'B'),(1,'B'),
(1,'B'),(1,'B'),(1,'B'),(1,'B'),(1,'B'),(1,'B'),(1,'B'),(1,'B'),(1,'B'),(1,'B'),(1,'B'),(1,'B'),(1,'B'),(1,'B'),(1,'B'),(1,'B'),(1,'B'),(1,'B'),(1,'B'),(1,'B'),
(1,'B'),(1,'B'),(1,'B'),(1,'B'),(1,'B'),(1,'B'),(1,'B'),(1,'B'),(1,'B'),(1,'B'),(1,'B'),(1,'B'),(1,'B'),(1,'B'),(1,'B'),(1,'B'),(1,'B'),(1,'B'),(1,'B'),(1,'B'),
(1,'B'),(1,'B'),(1,'B'),(1,'B'),(1,'B'),(1,'B'),(1,'B'),(1,'B'),(1,'B'),(1,'B'),(1,'B'),(1,'B'),(1,'B'),(1,'B'),(1,'B'),(1,'B'),(1,'B'),(1,'B'),(1,'B'),(1,'B'),
(1,'B'),(1,'B'),(1,'B'),(1,'B'),(1,'B'),(1,'B'),(1,'B'),(1,'B'),(1,'B'),(1,'B'),(1,'B'),(1,'B'),(1,'B'),(1,'B'),(1,'B'),(1,'B'),(1,'B'),(1,'B'),(1,'B'),(1,'B'),
(1,'B'),(1,'B'),(1,'B'),(1,'B'),(1,'B'),(1,'B'),(1,'B'),(1,'B'),(1,'B'),(1,'B'),(1,'B'),(1,'B'),(1,'B'),(1,'B'),(1,'B'),(1,'B'),(1,'B'),(1,'B'),(1,'B'),(1,'B'),
(1,'B'),(1,'B'),(1,'B'),(1,'B'),(1,'B'),(1,'B'),(1,'B'),(1,'B'),(1,'B'),(1,'B'),(1,'B'),(1,'B'),(1,'B'),(1,'B'),(1,'B'),(1,'B'),(1,'B'),(1,'B'),(1,'B'),(1,'B'),
(1,'B'),(1,'B'),(1,'B'),(1,'B'),(1,'B'),(1,'B'),(1,'B'),(1,'B'),(1,'B'),(1,'B'),(1,'B'),(1,'B'),(1,'B'),(1,'B'),(1,'B'),(1,'B'),(1,'B'),(1,'B'),(1,'B'),(1,'B'),
(1,'B'),(1,'B'),(1,'B'),(1,'B'),(1,'B'),(1,'B'),(1,'B'),(1,'B'),(1,'B'),(1,'B'),(1,'B'),(1,'B'),(1,'B'),(1,'B'),(1,'B'),(1,'B'),(1,'B'),(1,'B'),(1,'B'),(1,'B'),
(1,'B'),(1,'B'),(1,'B'),(1,'B'),(1,'B'),(1,'B'),(1,'B'),(1,'B'),(1,'B'),(1,'B'),(1,'B'),(1,'B'),(1,'B'),(1,'B'),(1,'B'),(1,'B'),(1,'B'),(1,'B'),(1,'B'),(1,'B'),
(1,'B'),(1,'B'),(1,'B'),(1,'B'),(1,'B'),(1,'B'),(1,'B'),(1,'B'),(1,'B'),(1,'B'),(1,'B'),(1,'B'),(1,'B'),(1,'B'),(1,'B'),(1,'B'),(1,'B'),(1,'B'),(1,'B'),(1,'B'),
(1,'B'),(1,'B'),(1,'B'),(1,'B'),(1,'B'),(1,'B'),(1,'B'),(1,'B'),(1,'B'),(1,'B'),(1,'B'),(1,'B'),(1,'B'),(1,'B'),(1,'B'),(1,'B'),(1,'B'),(1,'B'),(1,'B'),(1,'B'),
(1,'B'),(1,'B'),(1,'B'),(1,'B'),(1,'B'),(1,'B'),(1,'B'),(1,'B'),(1,'B'),(1,'B'),(1,'B'),(1,'B'),(1,'B'),(1,'B'),(1,'B'),(1,'B'),(1,'B'),(1,'B'),(1,'B'),(1,'B'),
(1,'B'),(1,'B'),(1,'B'),(1,'B'),(1,'B'),(1,'B'),(1,'B'),(1,'B'),(1,'B'),(1,'B'),(1,'B'),(1,'B'),(1,'B'),(1,'B'),(1,'B'),(1,'B'),(1,'B'),(1,'B'),(1,'B'),(1,'B'),
(1,'B'),(1,'B'),(1,'B'),(1,'B'),(1,'B'),(1,'B'),(1,'B'),(1,'B'),(1,'B'),(1,'B'),(1,'B'),(1,'B'),(1,'B'),(1,'B'),(1,'B'),(1,'B'),(1,'B'),(1,'B'),(1,'B'),(1,'B'),
(1,'B'),(1,'B'),(1,'B'),(1,'B'),(1,'B'),(1,'B'),(1,'B'),(1,'B'),(1,'B'),(1,'B'),(1,'B'),(1,'B'),(1,'B'),(1,'B'),(1,'B'),(1,'B'),(1,'B'),(1,'B'),(1,'B'),(1,'B'),
(1,'B'),(1,'B'),(1,'B'),(1,'B'),(1,'B'),(1,'B'),(1,'B'),(1,'B'),(1,'B'),(1,'B'),(1,'B'),(1,'B'),(1,'B'),(1,'B'),(1,'B'),(1,'B'),(1,'B'),(1,'B'),(1,'B'),(1,'B'),
(1,'B'),(1,'B'),(1,'B'),(1,'B'),(1,'B'),(1,'B'),(1,'B'),(1,'B'),(1,'B'),(1,'B'),(1,'B'),(1,'B'),(1,'B'),(1,'B'),(1,'B'),(1,'B'),(1,'B'),(1,'B'),(1,'B'),(1,'B'),
(1,'B'),(1,'B'),(1,'B'),(1,'B'),(1,'B'),(1,'B'),(1,'B'),(1,'B'),(1,'B'),(1,'B'),(1,'B'),(1,'B'),(1,'B'),(1,'B'),(1,'B'),(1,'B'),(1,'B'),(1,'B'),(1,'B'),(1,'B'),
(1,'B'),(1,'B'),(1,'B'),(1,'B'),(1,'B'),(1,'B'),(1,'B'),(1,'B'),(1,'B'),(1,'B'),(1,'B'),(1,'B'),(1,'B'),(1,'B'),(1,'B'),(1,'B'),(1,'B'),(1,'B'),(1,'B'),(1,'B'),
(1,'B'),(1,'B'),(1,'B'),(1,'B'),(1,'B'),(1,'B'),(1,'B'),(1,'B'),(1,'B'),(1,'B'),(1,'B'),(1,'B'),(1,'B'),(1,'B'),(1,'B'),(1,'B'),(1,'B'),(1,'B'),(1,'B'),(1,'B'),
(1,'B'),(1,'B'),(1,'B'),(1,'B'),(1,'B'),(1,'B'),(1,'B'),(1,'B'),(1,'B'),(1,'B'),(1,'B'),(1,'B'),(1,'B'),(1,'B'),(1,'B'),(1,'B'),(1,'B'),(1,'B'),(1,'B'),(1,'B'),
(1,'B'),(1,'B'),(1,'B'),(1,'B'),(1,'B'),(1,'B'),(1,'B'),(1,'B'),(1,'B'),(1,'B'),(1,'B'),(1,'B'),(1,'B'),(1,'B'),(1,'B'),(1,'B'),(1,'B'),(1,'B'),(1,'B'),(1,'B'),
(1,'B'),(1,'B'),(1,'B'),(1,'B'),(1,'B'),(1,'B'),(1,'B'),(1,'B'),(1,'B'),(1,'B'),(1,'B'),(1,'B'),(1,'B'),(1,'B'),(1,'B'),(1,'B'),(1,'B'),(1,'B'),(1,'B'),(1,'B'),
(1,'B'),(1,'B'),(1,'B'),(1,'B'),(1,'B'),(1,'B'),(1,'B'),(1,'B'),(1,'B'),(1,'B'),(1,'B'),(1,'B'),(1,'B'),(1,'B'),(1,'B'),(1,'B'),(1,'B'),(1,'B'),(1,'B'),(1,'B'),
(1,'B'),(1,'B'),(1,'B'),(1,'B'),(1,'B'),(1,'B'),(1,'B'),(1,'B'),(1,'B'),(1,'B'),(1,'B'),(1,'B'),(1,'B'),(1,'B'),(1,'B'),(1,'B'),(1,'B'),(1,'B'),(1,'B'),(1,'B'),
(1,'B'),(1,'B'),(1,'B'),(1,'B'),(1,'B'),(1,'B'),(1,'B'),(1,'B'),(1,'B'),(1,'B'),(1,'B'),(1,'B'),(1,'B'),(1,'B'),(1,'B'),(1,'B'),(1,'B'),(1,'B'),(1,'B'),(1,'B'),
(1,'B'),(1,'B'),(1,'B'),(1,'B'),(1,'B'),(1,'B'),(1,'B'),(1,'B'),(1,'B'),(1,'B'),(1,'B'),(1,'B'),(1,'B'),(1,'B'),(1,'B'),(1,'B'),(1,'B'),(1,'B'),(1,'B'),(1,'B'),
(1,'B'),(1,'B'),(1,'B'),(1,'B'),(1,'B'),(1,'B'),(1,'B'),(1,'B'),(1,'B'),(1,'B'),(1,'B'),(1,'B'),(1,'B'),(1,'B'),(1,'B'),(1,'B'),(1,'B'),(1,'B'),(1,'B'),(1,'B');

INSERT INTO HaceTeorico (DNI, IDExamen, Fecha, NumFallos) VALUES
(1,1,'12.04.2012',2),(1,1,'12.04.2012',2),(1,1,'12.04.2012',2),(1,1,'12.04.2012',2),(1,1,'12.04.2012',2),
(1,1,'12.04.2012',2),(1,1,'12.04.2012',2),(1,1,'12.04.2012',2),(1,1,'12.04.2012',2),(1,1,'12.04.2012',2),
(1,1,'12.04.2012',2),(1,1,'12.04.2012',2),(1,1,'12.04.2012',2),(1,1,'12.04.2012',2),(1,1,'12.04.2012',2),
(1,1,'12.04.2012',2),(1,1,'12.04.2012',2),(1,1,'12.04.2012',2),(1,1,'12.04.2012',2),(1,1,'12.04.2012',2),
(1,1,'12.04.2012',2),(1,1,'12.04.2012',2),(1,1,'12.04.2012',2),(1,1,'12.04.2012',2),(1,1,'12.04.2012',2),
(1,1,'12.04.2012',2),(1,1,'12.04.2012',2),(1,1,'12.04.2012',2),(1,1,'12.04.2012',2),(1,1,'12.04.2012',2),
(1,1,'12.04.2012',2),(1,1,'12.04.2012',2),(1,1,'12.04.2012',2),(1,1,'12.04.2012',2),(1,1,'12.04.2012',2),
(1,1,'12.04.2012',2),(1,1,'12.04.2012',2),(1,1,'12.04.2012',2),(1,1,'12.04.2012',2),(1,1,'12.04.2012',2),
(1,1,'12.04.2012',2),(1,1,'12.04.2012',2),(1,1,'12.04.2012',2),(1,1,'12.04.2012',2),(1,1,'12.04.2012',2),
(1,1,'12.04.2012',2),(1,1,'12.04.2012',2),(1,1,'12.04.2012',2),(1,1,'12.04.2012',2),(1,1,'12.04.2012',2),
(1,1,'12.04.2012',2),(1,1,'12.04.2012',2),(1,1,'12.04.2012',2),(1,1,'12.04.2012',2),(1,1,'12.04.2012',2),
(1,1,'12.04.2012',2),(1,1,'12.04.2012',2),(1,1,'12.04.2012',2),(1,1,'12.04.2012',2),(1,1,'12.04.2012',2),
(1,1,'12.04.2012',2),(1,1,'12.04.2012',2),(1,1,'12.04.2012',2),(1,1,'12.04.2012',2),(1,1,'12.04.2012',2),
(1,1,'12.04.2012',2),(1,1,'12.04.2012',2),(1,1,'12.04.2012',2),(1,1,'12.04.2012',2),(1,1,'12.04.2012',2),
(1,1,'12.04.2012',2),(1,1,'12.04.2012',2),(1,1,'12.04.2012',2),(1,1,'12.04.2012',2),(1,1,'12.04.2012',2),
(1,1,'12.04.2012',2),(1,1,'12.04.2012',2),(1,1,'12.04.2012',2),(1,1,'12.04.2012',2),(1,1,'12.04.2012',2),
(1,1,'12.04.2012',2),(1,1,'12.04.2012',2),(1,1,'12.04.2012',2),(1,1,'12.04.2012',2),(1,1,'12.04.2012',2),
(1,1,'12.04.2012',2),(1,1,'12.04.2012',2),(1,1,'12.04.2012',2),(1,1,'12.04.2012',2),(1,1,'12.04.2012',2),
(1,1,'12.04.2012',2),(1,1,'12.04.2012',2),(1,1,'12.04.2012',2),(1,1,'12.04.2012',2),(1,1,'12.04.2012',2),
(1,1,'12.04.2012',2),(1,1,'12.04.2012',2),(1,1,'12.04.2012',2),(1,1,'12.04.2012',2),(1,1,'12.04.2012',2),
(1,1,'12.04.2012',2),(1,1,'12.04.2012',2),(1,1,'12.04.2012',2),(1,1,'12.04.2012',2),(1,1,'12.04.2012',2),
(1,1,'12.04.2012',2),(1,1,'12.04.2012',2),(1,1,'12.04.2012',2),(1,1,'12.04.2012',2),(1,1,'12.04.2012',2),
(1,1,'12.04.2012',2),(1,1,'12.04.2012',2),(1,1,'12.04.2012',2),(1,1,'12.04.2012',2),(1,1,'12.04.2012',2),
(1,1,'12.04.2012',2),(1,1,'12.04.2012',2),(1,1,'12.04.2012',2),(1,1,'12.04.2012',2),(1,1,'12.04.2012',2),
(1,1,'12.04.2012',2),(1,1,'12.04.2012',2),(1,1,'12.04.2012',2),(1,1,'12.04.2012',2),(1,1,'12.04.2012',2),
(1,1,'12.04.2012',2),(1,1,'12.04.2012',2),(1,1,'12.04.2012',2),(1,1,'12.04.2012',2),(1,1,'12.04.2012',2),
(1,1,'12.04.2012',2),(1,1,'12.04.2012',2),(1,1,'12.04.2012',2),(1,1,'12.04.2012',2),(1,1,'12.04.2012',2),
(1,1,'12.04.2012',2),(1,1,'12.04.2012',2),(1,1,'12.04.2012',2),(1,1,'12.04.2012',2),(1,1,'12.04.2012',2),
(1,1,'12.04.2012',2),(1,1,'12.04.2012',2),(1,1,'12.04.2012',2),(1,1,'12.04.2012',2),(1,1,'12.04.2012',2),
(1,1,'12.04.2012',2),(1,1,'12.04.2012',2),(1,1,'12.04.2012',2),(1,1,'12.04.2012',2),(1,1,'12.04.2012',2),
(1,1,'12.04.2012',2),(1,1,'12.04.2012',2),(1,1,'12.04.2012',2),(1,1,'12.04.2012',2),(1,1,'12.04.2012',2),
(1,1,'12.04.2012',2),(1,1,'12.04.2012',2),(1,1,'12.04.2012',2),(1,1,'12.04.2012',2),(1,1,'12.04.2012',2),
(1,1,'12.04.2012',2),(1,1,'12.04.2012',2),(1,1,'12.04.2012',2),(1,1,'12.04.2012',2),(1,1,'12.04.2012',2),
(1,1,'12.04.2012',2),(1,1,'12.04.2012',2),(1,1,'12.04.2012',2),(1,1,'12.04.2012',2),(1,1,'12.04.2012',2),
(1,1,'12.04.2012',2),(1,1,'12.04.2012',2),(1,1,'12.04.2012',2),(1,1,'12.04.2012',2),(1,1,'12.04.2012',2),
(1,1,'12.04.2012',2),(1,1,'12.04.2012',2),(1,1,'12.04.2012',2),(1,1,'12.04.2012',2),(1,1,'12.04.2012',2),
(1,1,'12.04.2012',2),(1,1,'12.04.2012',2),(1,1,'12.04.2012',2),(1,1,'12.04.2012',2),(1,1,'12.04.2012',2),
(1,1,'12.04.2012',2),(1,1,'12.04.2012',2),(1,1,'12.04.2012',2),(1,1,'12.04.2012',2),(1,1,'12.04.2012',2),
(1,1,'12.04.2012',2),(1,1,'12.04.2012',2),(1,1,'12.04.2012',2),(1,1,'12.04.2012',2),(1,1,'12.04.2012',2),
(1,1,'12.04.2012',2),(1,1,'12.04.2012',2),(1,1,'12.04.2012',2),(1,1,'12.04.2012',2),(1,1,'12.04.2012',2),
(1,1,'12.04.2012',2),(1,1,'12.04.2012',2),(1,1,'12.04.2012',2),(1,1,'12.04.2012',2),(1,1,'12.04.2012',2),
(1,1,'12.04.2012',2),(1,1,'12.04.2012',2),(1,1,'12.04.2012',2),(1,1,'12.04.2012',2),(1,1,'12.04.2012',2),
(1,1,'12.04.2012',2),(1,1,'12.04.2012',2),(1,1,'12.04.2012',2),(1,1,'12.04.2012',2),(1,1,'12.04.2012',2),
(1,1,'12.04.2012',2),(1,1,'12.04.2012',2),(1,1,'12.04.2012',2),(1,1,'12.04.2012',2),(1,1,'12.04.2012',2),
(1,1,'12.04.2012',2),(1,1,'12.04.2012',2),(1,1,'12.04.2012',2),(1,1,'12.04.2012',2),(1,1,'12.04.2012',2),
(1,1,'12.04.2012',2),(1,1,'12.04.2012',2),(1,1,'12.04.2012',2),(1,1,'12.04.2012',2),(1,1,'12.04.2012',2),
(1,1,'12.04.2012',2),(1,1,'12.04.2012',2),(1,1,'12.04.2012',2),(1,1,'12.04.2012',2),(1,1,'12.04.2012',2),
(1,1,'12.04.2012',2),(1,1,'12.04.2012',2),(1,1,'12.04.2012',2),(1,1,'12.04.2012',2),(1,1,'12.04.2012',2),
(1,1,'12.04.2012',2),(1,1,'12.04.2012',2),(1,1,'12.04.2012',2),(1,1,'12.04.2012',2),(1,1,'12.04.2012',2),
(1,1,'12.04.2012',2),(1,1,'12.04.2012',2),(1,1,'12.04.2012',2),(1,1,'12.04.2012',2),(1,1,'12.04.2012',2),
(1,1,'12.04.2012',2),(1,1,'12.04.2012',2),(1,1,'12.04.2012',2),(1,1,'12.04.2012',2),(1,1,'12.04.2012',2),
(1,1,'12.04.2012',2),(1,1,'12.04.2012',2),(1,1,'12.04.2012',2),(1,1,'12.04.2012',2),(1,1,'12.04.2012',2),
(1,1,'12.04.2012',2),(1,1,'12.04.2012',2),(1,1,'12.04.2012',2),(1,1,'12.04.2012',2),(1,1,'12.04.2012',2),
(1,1,'12.04.2012',2),(1,1,'12.04.2012',2),(1,1,'12.04.2012',2),(1,1,'12.04.2012',2),(1,1,'12.04.2012',2),
(1,1,'12.04.2012',2),(1,1,'12.04.2012',2),(1,1,'12.04.2012',2),(1,1,'12.04.2012',2),(1,1,'12.04.2012',2),
(1,1,'12.04.2012',2),(1,1,'12.04.2012',2),(1,1,'12.04.2012',2),(1,1,'12.04.2012',2),(1,1,'12.04.2012',2),
(1,1,'12.04.2012',2),(1,1,'12.04.2012',2),(1,1,'12.04.2012',2),(1,1,'12.04.2012',2),(1,1,'12.04.2012',2),
(1,1,'12.04.2012',2),(1,1,'12.04.2012',2),(1,1,'12.04.2012',2),(1,1,'12.04.2012',2),(1,1,'12.04.2012',2),
(1,1,'12.04.2012',2),(1,1,'12.04.2012',2),(1,1,'12.04.2012',2),(1,1,'12.04.2012',2),(1,1,'12.04.2012',2),
(1,1,'12.04.2012',2),(1,1,'12.04.2012',2),(1,1,'12.04.2012',2),(1,1,'12.04.2012',2),(1,1,'12.04.2012',2),
(1,1,'12.04.2012',2),(1,1,'12.04.2012',2),(1,1,'12.04.2012',2),(1,1,'12.04.2012',2),(1,1,'12.04.2012',2),
(1,1,'12.04.2012',2),(1,1,'12.04.2012',2),(1,1,'12.04.2012',2),(1,1,'12.04.2012',2),(1,1,'12.04.2012',2),
(1,1,'12.04.2012',2),(1,1,'12.04.2012',2),(1,1,'12.04.2012',2),(1,1,'12.04.2012',2),(1,1,'12.04.2012',2),
(1,1,'12.04.2012',2),(1,1,'12.04.2012',2),(1,1,'12.04.2012',2),(1,1,'12.04.2012',2),(1,1,'12.04.2012',2),
(1,1,'12.04.2012',2),(1,1,'12.04.2012',2),(1,1,'12.04.2012',2),(1,1,'12.04.2012',2),(1,1,'12.04.2012',2),
(1,1,'12.04.2012',2),(1,1,'12.04.2012',2),(1,1,'12.04.2012',2),(1,1,'12.04.2012',2),(1,1,'12.04.2012',2),
(1,1,'12.04.2012',2),(1,1,'12.04.2012',2),(1,1,'12.04.2012',2),(1,1,'12.04.2012',2),(1,1,'12.04.2012',2),
(1,1,'12.04.2012',2),(1,1,'12.04.2012',2),(1,1,'12.04.2012',2),(1,1,'12.04.2012',2),(1,1,'12.04.2012',2),
(1,1,'12.04.2012',2),(1,1,'12.04.2012',2),(1,1,'12.04.2012',2),(1,1,'12.04.2012',2),(1,1,'12.04.2012',2),
(1,1,'12.04.2012',2),(1,1,'12.04.2012',2),(1,1,'12.04.2012',2),(1,1,'12.04.2012',2),(1,1,'12.04.2012',2),
(1,1,'12.04.2012',2),(1,1,'12.04.2012',2),(1,1,'12.04.2012',2),(1,1,'12.04.2012',2),(1,1,'12.04.2012',2),
(1,1,'12.04.2012',2),(1,1,'12.04.2012',2),(1,1,'12.04.2012',2),(1,1,'12.04.2012',2),(1,1,'12.04.2012',2),
(1,1,'12.04.2012',2),(1,1,'12.04.2012',2),(1,1,'12.04.2012',2),(1,1,'12.04.2012',2),(1,1,'12.04.2012',2),
(1,1,'12.04.2012',2),(1,1,'12.04.2012',2),(1,1,'12.04.2012',2),(1,1,'12.04.2012',2),(1,1,'12.04.2012',2),
(1,1,'12.04.2012',2),(1,1,'12.04.2012',2),(1,1,'12.04.2012',2),(1,1,'12.04.2012',2),(1,1,'12.04.2012',2),
(1,1,'12.04.2012',2),(1,1,'12.04.2012',2),(1,1,'12.04.2012',2),(1,1,'12.04.2012',2),(1,1,'12.04.2012',2),
(1,1,'12.04.2012',2),(1,1,'12.04.2012',2),(1,1,'12.04.2012',2),(1,1,'12.04.2012',2),(1,1,'12.04.2012',2),
(1,1,'12.04.2012',2),(1,1,'12.04.2012',2),(1,1,'12.04.2012',2),(1,1,'12.04.2012',2),(1,1,'12.04.2012',2),
(1,1,'12.04.2012',2),(1,1,'12.04.2012',2),(1,1,'12.04.2012',2),(1,1,'12.04.2012',2),(1,1,'12.04.2012',2),
(1,1,'12.04.2012',2),(1,1,'12.04.2012',2),(1,1,'12.04.2012',2),(1,1,'12.04.2012',2),(1,1,'12.04.2012',2),
(1,1,'12.04.2012',2),(1,1,'12.04.2012',2),(1,1,'12.04.2012',2),(1,1,'12.04.2012',2),(1,1,'12.04.2012',2),
(1,1,'12.04.2012',2),(1,1,'12.04.2012',2),(1,1,'12.04.2012',2),(1,1,'12.04.2012',2),(1,1,'12.04.2012',2),
(1,1,'12.04.2012',2),(1,1,'12.04.2012',2),(1,1,'12.04.2012',2),(1,1,'12.04.2012',2),(1,1,'12.04.2012',2),
(1,1,'12.04.2012',2),(1,1,'12.04.2012',2),(1,1,'12.04.2012',2),(1,1,'12.04.2012',2),(1,1,'12.04.2012',2),
(1,1,'12.04.2012',2),(1,1,'12.04.2012',2),(1,1,'12.04.2012',2),(1,1,'12.04.2012',2),(1,1,'12.04.2012',2),
(1,1,'12.04.2012',2),(1,1,'12.04.2012',2),(1,1,'12.04.2012',2),(1,1,'12.04.2012',2),(1,1,'12.04.2012',2),
(1,1,'12.04.2012',2),(1,1,'12.04.2012',2),(1,1,'12.04.2012',2),(1,1,'12.04.2012',2),(1,1,'12.04.2012',2),
(1,1,'12.04.2012',2),(1,1,'12.04.2012',2),(1,1,'12.04.2012',2),(1,1,'12.04.2012',2),(1,1,'12.04.2012',2),
(1,1,'12.04.2012',2),(1,1,'12.04.2012',2),(1,1,'12.04.2012',2),(1,1,'12.04.2012',2),(1,1,'12.04.2012',2),
(1,1,'12.04.2012',2),(1,1,'12.04.2012',2),(1,1,'12.04.2012',2),(1,1,'12.04.2012',2),(1,1,'12.04.2012',2),
(1,1,'12.04.2012',2),(1,1,'12.04.2012',2),(1,1,'12.04.2012',2),(1,1,'12.04.2012',2),(1,1,'12.04.2012',2),
(1,1,'12.04.2012',2),(1,1,'12.04.2012',2),(1,1,'12.04.2012',2),(1,1,'12.04.2012',2),(1,1,'12.04.2012',2),
(1,1,'12.04.2012',2),(1,1,'12.04.2012',2),(1,1,'12.04.2012',2),(1,1,'12.04.2012',2),(1,1,'12.04.2012',2),
(1,1,'12.04.2012',2),(1,1,'12.04.2012',2),(1,1,'12.04.2012',2),(1,1,'12.04.2012',2),(1,1,'12.04.2012',2),
(1,1,'12.04.2012',2),(1,1,'12.04.2012',2),(1,1,'12.04.2012',2),(1,1,'12.04.2012',2),(1,1,'12.04.2012',2),
(1,1,'12.04.2012',2),(1,1,'12.04.2012',2),(1,1,'12.04.2012',2),(1,1,'12.04.2012',2),(1,1,'12.04.2012',2),
(1,1,'12.04.2012',2),(1,1,'12.04.2012',2),(1,1,'12.04.2012',2),(1,1,'12.04.2012',2),(1,1,'12.04.2012',2),
(1,1,'12.04.2012',2),(1,1,'12.04.2012',2),(1,1,'12.04.2012',2),(1,1,'12.04.2012',2),(1,1,'12.04.2012',2),
(1,1,'12.04.2012',2),(1,1,'12.04.2012',2),(1,1,'12.04.2012',2),(1,1,'12.04.2012',2),(1,1,'12.04.2012',2),
(1,1,'12.04.2012',2),(1,1,'12.04.2012',2),(1,1,'12.04.2012',2),(1,1,'12.04.2012',2),(1,1,'12.04.2012',2),
(1,1,'12.04.2012',2),(1,1,'12.04.2012',2),(1,1,'12.04.2012',2),(1,1,'12.04.2012',2),(1,1,'12.04.2012',2),
(1,1,'12.04.2012',2),(1,1,'12.04.2012',2),(1,1,'12.04.2012',2),(1,1,'12.04.2012',2),(1,1,'12.04.2012',2),
(1,1,'12.04.2012',2),(1,1,'12.04.2012',2),(1,1,'12.04.2012',2),(1,1,'12.04.2012',2),(1,1,'12.04.2012',2),
(1,1,'12.04.2012',2),(1,1,'12.04.2012',2),(1,1,'12.04.2012',2),(1,1,'12.04.2012',2),(1,1,'12.04.2012',2),
(1,1,'12.04.2012',2),(1,1,'12.04.2012',2),(1,1,'12.04.2012',2),(1,1,'12.04.2012',2),(1,1,'12.04.2012',2),
(1,1,'12.04.2012',2),(1,1,'12.04.2012',2),(1,1,'12.04.2012',2),(1,1,'12.04.2012',2),(1,1,'12.04.2012',2),
(1,1,'12.04.2012',2),(1,1,'12.04.2012',2),(1,1,'12.04.2012',2),(1,1,'12.04.2012',2),(1,1,'12.04.2012',2),
(1,1,'12.04.2012',2),(1,1,'12.04.2012',2),(1,1,'12.04.2012',2),(1,1,'12.04.2012',2),(1,1,'12.04.2012',2),
(1,1,'12.04.2012',2),(1,1,'12.04.2012',2),(1,1,'12.04.2012',2),(1,1,'12.04.2012',2),(1,1,'12.04.2012',2),
(1,1,'12.04.2012',2),(1,1,'12.04.2012',2),(1,1,'12.04.2012',2),(1,1,'12.04.2012',2),(1,1,'12.04.2012',2),
(1,1,'12.04.2012',2),(1,1,'12.04.2012',2),(1,1,'12.04.2012',2),(1,1,'12.04.2012',2),(1,1,'12.04.2012',2),
(1,1,'12.04.2012',2),(1,1,'12.04.2012',2),(1,1,'12.04.2012',2),(1,1,'12.04.2012',2),(1,1,'12.04.2012',2),
(1,1,'12.04.2012',2),(1,1,'12.04.2012',2),(1,1,'12.04.2012',2),(1,1,'12.04.2012',2),(1,1,'12.04.2012',2),
(1,1,'12.04.2012',2),(1,1,'12.04.2012',2),(1,1,'12.04.2012',2),(1,1,'12.04.2012',2),(1,1,'12.04.2012',2),
(1,1,'12.04.2012',2),(1,1,'12.04.2012',2),(1,1,'12.04.2012',2),(1,1,'12.04.2012',2),(1,1,'12.04.2012',2),
(1,1,'12.04.2012',2),(1,1,'12.04.2012',2),(1,1,'12.04.2012',2),(1,1,'12.04.2012',2),(1,1,'12.04.2012',2),
(1,1,'12.04.2012',2),(1,1,'12.04.2012',2),(1,1,'12.04.2012',2),(1,1,'12.04.2012',2),(1,1,'12.04.2012',2),
(1,1,'12.04.2012',2),(1,1,'12.04.2012',2),(1,1,'12.04.2012',2),(1,1,'12.04.2012',2),(1,1,'12.04.2012',2),
(1,1,'12.04.2012',2),(1,1,'12.04.2012',2),(1,1,'12.04.2012',2),(1,1,'12.04.2012',2),(1,1,'12.04.2012',2),
(1,1,'12.04.2012',2),(1,1,'12.04.2012',2),(1,1,'12.04.2012',2),(1,1,'12.04.2012',2),(1,1,'12.04.2012',2),
(1,1,'12.04.2012',2),(1,1,'12.04.2012',2),(1,1,'12.04.2012',2),(1,1,'12.04.2012',2),(1,1,'12.04.2012',2),
(1,1,'12.04.2012',2),(1,1,'12.04.2012',2),(1,1,'12.04.2012',2),(1,1,'12.04.2012',2),(1,1,'12.04.2012',2),
(1,1,'12.04.2012',2),(1,1,'12.04.2012',2),(1,1,'12.04.2012',2),(1,1,'12.04.2012',2),(1,1,'12.04.2012',2),
(1,1,'12.04.2012',2),(1,1,'12.04.2012',2),(1,1,'12.04.2012',2),(1,1,'12.04.2012',2),(1,1,'12.04.2012',2),
(1,1,'12.04.2012',2),(1,1,'12.04.2012',2),(1,1,'12.04.2012',2),(1,1,'12.04.2012',2),(1,1,'12.04.2012',2),
(1,1,'12.04.2012',2),(1,1,'12.04.2012',2),(1,1,'12.04.2012',2),(1,1,'12.04.2012',2),(1,1,'12.04.2012',2),
(1,1,'12.04.2012',2),(1,1,'12.04.2012',2),(1,1,'12.04.2012',2),(1,1,'12.04.2012',2),(1,1,'12.04.2012',2),
(1,1,'12.04.2012',2),(1,1,'12.04.2012',2),(1,1,'12.04.2012',2),(1,1,'12.04.2012',2),(1,1,'12.04.2012',2),
(1,1,'12.04.2012',2),(1,1,'12.04.2012',2),(1,1,'12.04.2012',2),(1,1,'12.04.2012',2),(1,1,'12.04.2012',2),
(1,1,'12.04.2012',2),(1,1,'12.04.2012',2),(1,1,'12.04.2012',2),(1,1,'12.04.2012',2),(1,1,'12.04.2012',2),
(1,1,'12.04.2012',2),(1,1,'12.04.2012',2),(1,1,'12.04.2012',2),(1,1,'12.04.2012',2),(1,1,'12.04.2012',2),
(1,1,'12.04.2012',2),(1,1,'12.04.2012',2),(1,1,'12.04.2012',2),(1,1,'12.04.2012',2),(1,1,'12.04.2012',2),
(1,1,'12.04.2012',2),(1,1,'12.04.2012',2),(1,1,'12.04.2012',2),(1,1,'12.04.2012',2),(1,1,'12.04.2012',2),
(1,1,'12.04.2012',2),(1,1,'12.04.2012',2),(1,1,'12.04.2012',2),(1,1,'12.04.2012',2),(1,1,'12.04.2012',2),
(1,1,'12.04.2012',2),(1,1,'12.04.2012',2),(1,1,'12.04.2012',2),(1,1,'12.04.2012',2),(1,1,'12.04.2012',2),
(1,1,'12.04.2012',2),(1,1,'12.04.2012',2),(1,1,'12.04.2012',2),(1,1,'12.04.2012',2),(1,1,'12.04.2012',2),
(1,1,'12.04.2012',2),(1,1,'12.04.2012',2),(1,1,'12.04.2012',2),(1,1,'12.04.2012',2),(1,1,'12.04.2012',2),
(1,1,'12.04.2012',2),(1,1,'12.04.2012',2),(1,1,'12.04.2012',2),(1,1,'12.04.2012',2),(1,1,'12.04.2012',2),
(1,1,'12.04.2012',2),(1,1,'12.04.2012',2),(1,1,'12.04.2012',2),(1,1,'12.04.2012',2),(1,1,'12.04.2012',2),
(1,1,'12.04.2012',2),(1,1,'12.04.2012',2),(1,1,'12.04.2012',2),(1,1,'12.04.2012',2),(1,1,'12.04.2012',2),
(1,1,'12.04.2012',2),(1,1,'12.04.2012',2),(1,1,'12.04.2012',2),(1,1,'12.04.2012',2),(1,1,'12.04.2012',2),
(1,1,'12.04.2012',2),(1,1,'12.04.2012',2),(1,1,'12.04.2012',2),(1,1,'12.04.2012',2),(1,1,'12.04.2012',2),
(1,1,'12.04.2012',2),(1,1,'12.04.2012',2),(1,1,'12.04.2012',2),(1,1,'12.04.2012',2),(1,1,'12.04.2012',2),
(1,1,'12.04.2012',2),(1,1,'12.04.2012',2),(1,1,'12.04.2012',2),(1,1,'12.04.2012',2),(1,1,'12.04.2012',2),
(1,1,'12.04.2012',2),(1,1,'12.04.2012',2),(1,1,'12.04.2012',2),(1,1,'12.04.2012',2),(1,1,'12.04.2012',2),
(1,1,'12.04.2012',2),(1,1,'12.04.2012',2),(1,1,'12.04.2012',2),(1,1,'12.04.2012',2),(1,1,'12.04.2012',2),
(1,1,'12.04.2012',2),(1,1,'12.04.2012',2),(1,1,'12.04.2012',2),(1,1,'12.04.2012',2),(1,1,'12.04.2012',2),
(1,1,'12.04.2012',2),(1,1,'12.04.2012',2),(1,1,'12.04.2012',2),(1,1,'12.04.2012',2),(1,1,'12.04.2012',2),
(1,1,'12.04.2012',2),(1,1,'12.04.2012',2),(1,1,'12.04.2012',2),(1,1,'12.04.2012',2),(1,1,'12.04.2012',2),
(1,1,'12.04.2012',2),(1,1,'12.04.2012',2),(1,1,'12.04.2012',2),(1,1,'12.04.2012',2),(1,1,'12.04.2012',2),
(1,1,'12.04.2012',2),(1,1,'12.04.2012',2),(1,1,'12.04.2012',2),(1,1,'12.04.2012',2),(1,1,'12.04.2012',2),
(1,1,'12.04.2012',2),(1,1,'12.04.2012',2),(1,1,'12.04.2012',2),(1,1,'12.04.2012',2),(1,1,'12.04.2012',2),
(1,1,'12.04.2012',2),(1,1,'12.04.2012',2),(1,1,'12.04.2012',2),(1,1,'12.04.2012',2),(1,1,'12.04.2012',2),
(1,1,'12.04.2012',2),(1,1,'12.04.2012',2),(1,1,'12.04.2012',2),(1,1,'12.04.2012',2),(1,1,'12.04.2012',2),
(1,1,'12.04.2012',2),(1,1,'12.04.2012',2),(1,1,'12.04.2012',2),(1,1,'12.04.2012',2),(1,1,'12.04.2012',2),
(1,1,'12.04.2012',2),(1,1,'12.04.2012',2),(1,1,'12.04.2012',2),(1,1,'12.04.2012',2),(1,1,'12.04.2012',2),
(1,1,'12.04.2012',2),(1,1,'12.04.2012',2),(1,1,'12.04.2012',2),(1,1,'12.04.2012',2),(1,1,'12.04.2012',2),
(1,1,'12.04.2012',2),(1,1,'12.04.2012',2),(1,1,'12.04.2012',2),(1,1,'12.04.2012',2),(1,1,'12.04.2012',2),
(1,1,'12.04.2012',2),(1,1,'12.04.2012',2),(1,1,'12.04.2012',2),(1,1,'12.04.2012',2),(1,1,'12.04.2012',2),
(1,1,'12.04.2012',2),(1,1,'12.04.2012',2),(1,1,'12.04.2012',2),(1,1,'12.04.2012',2),(1,1,'12.04.2012',2),
(1,1,'12.04.2012',2),(1,1,'12.04.2012',2),(1,1,'12.04.2012',2),(1,1,'12.04.2012',2),(1,1,'12.04.2012',2),
(1,1,'12.04.2012',2),(1,1,'12.04.2012',2),(1,1,'12.04.2012',2),(1,1,'12.04.2012',2),(1,1,'12.04.2012',2),
(1,1,'12.04.2012',2),(1,1,'12.04.2012',2),(1,1,'12.04.2012',2),(1,1,'12.04.2012',2),(1,1,'12.04.2012',2),
(1,1,'12.04.2012',2),(1,1,'12.04.2012',2),(1,1,'12.04.2012',2),(1,1,'12.04.2012',2),(1,1,'12.04.2012',2),
(1,1,'12.04.2012',2),(1,1,'12.04.2012',2),(1,1,'12.04.2012',2),(1,1,'12.04.2012',2),(1,1,'12.04.2012',2),
(1,1,'12.04.2012',2),(1,1,'12.04.2012',2),(1,1,'12.04.2012',2),(1,1,'12.04.2012',2),(1,1,'12.04.2012',2),
(1,1,'12.04.2012',2),(1,1,'12.04.2012',2),(1,1,'12.04.2012',2),(1,1,'12.04.2012',2),(1,1,'12.04.2012',2),
(1,1,'12.04.2012',2),(1,1,'12.04.2012',2),(1,1,'12.04.2012',2),(1,1,'12.04.2012',2),(1,1,'12.04.2012',2),
(1,1,'12.04.2012',2),(1,1,'12.04.2012',2),(1,1,'12.04.2012',2),(1,1,'12.04.2012',2),(1,1,'12.04.2012',2),
(1,1,'12.04.2012',2),(1,1,'12.04.2012',2),(1,1,'12.04.2012',2),(1,1,'12.04.2012',2),(1,1,'12.04.2012',2),
(1,1,'12.04.2012',2),(1,1,'12.04.2012',2),(1,1,'12.04.2012',2),(1,1,'12.04.2012',2),(1,1,'12.04.2012',2),
(1,1,'12.04.2012',2),(1,1,'12.04.2012',2),(1,1,'12.04.2012',2),(1,1,'12.04.2012',2),(1,1,'12.04.2012',2),
(1,1,'12.04.2012',2),(1,1,'12.04.2012',2),(1,1,'12.04.2012',2),(1,1,'12.04.2012',2),(1,1,'12.04.2012',2),
(1,1,'12.04.2012',2),(1,1,'12.04.2012',2),(1,1,'12.04.2012',2),(1,1,'12.04.2012',2),(1,1,'12.04.2012',2),
(1,1,'12.04.2012',2),(1,1,'12.04.2012',2),(1,1,'12.04.2012',2),(1,1,'12.04.2012',2),(1,1,'12.04.2012',2),
(1,1,'12.04.2012',2),(1,1,'12.04.2012',2),(1,1,'12.04.2012',2),(1,1,'12.04.2012',2),(1,1,'12.04.2012',2),
(1,1,'12.04.2012',2),(1,1,'12.04.2012',2),(1,1,'12.04.2012',2),(1,1,'12.04.2012',2),(1,1,'12.04.2012',2),
(1,1,'12.04.2012',2),(1,1,'12.04.2012',2),(1,1,'12.04.2012',2),(1,1,'12.04.2012',2),(1,1,'12.04.2012',2),
(1,1,'12.04.2012',2),(1,1,'12.04.2012',2),(1,1,'12.04.2012',2),(1,1,'12.04.2012',2),(1,1,'12.04.2012',2),
(1,1,'12.04.2012',2),(1,1,'12.04.2012',2),(1,1,'12.04.2012',2),(1,1,'12.04.2012',2),(1,1,'12.04.2012',2),
(1,1,'12.04.2012',2),(1,1,'12.04.2012',2),(1,1,'12.04.2012',2),(1,1,'12.04.2012',2),(1,1,'12.04.2012',2),
(1,1,'12.04.2012',2),(1,1,'12.04.2012',2),(1,1,'12.04.2012',2),(1,1,'12.04.2012',2),(1,1,'12.04.2012',2),
(1,1,'12.04.2012',2),(1,1,'12.04.2012',2),(1,1,'12.04.2012',2),(1,1,'12.04.2012',2),(1,1,'12.04.2012',2),
(1,1,'12.04.2012',2),(1,1,'12.04.2012',2),(1,1,'12.04.2012',2),(1,1,'12.04.2012',2),(1,1,'12.04.2012',2),
(1,1,'12.04.2012',2),(1,1,'12.04.2012',2),(1,1,'12.04.2012',2),(1,1,'12.04.2012',2),(1,1,'12.04.2012',2),
(1,1,'12.04.2012',2),(1,1,'12.04.2012',2),(1,1,'12.04.2012',2),(1,1,'12.04.2012',2),(1,1,'12.04.2012',2),
(1,1,'12.04.2012',2),(1,1,'12.04.2012',2),(1,1,'12.04.2012',2),(1,1,'12.04.2012',2),(1,1,'12.04.2012',2),
(1,1,'12.04.2012',2),(1,1,'12.04.2012',2),(1,1,'12.04.2012',2),(1,1,'12.04.2012',2),(1,1,'12.04.2012',2),
(1,1,'12.04.2012',2),(1,1,'12.04.2012',2),(1,1,'12.04.2012',2),(1,1,'12.04.2012',2),(1,1,'12.04.2012',2),
(1,1,'12.04.2012',2),(1,1,'12.04.2012',2),(1,1,'12.04.2012',2),(1,1,'12.04.2012',2),(1,1,'12.04.2012',2),
(1,1,'12.04.2012',2),(1,1,'12.04.2012',2),(1,1,'12.04.2012',2),(1,1,'12.04.2012',2),(1,1,'12.04.2012',2),
(1,1,'12.04.2012',2),(1,1,'12.04.2012',2),(1,1,'12.04.2012',2),(1,1,'12.04.2012',2),(1,1,'12.04.2012',2),
(1,1,'12.04.2012',2),(1,1,'12.04.2012',2),(1,1,'12.04.2012',2),(1,1,'12.04.2012',2),(1,1,'12.04.2012',2),
(1,1,'12.04.2012',2),(1,1,'12.04.2012',2),(1,1,'12.04.2012',2),(1,1,'12.04.2012',2),(1,1,'12.04.2012',2),
(1,1,'12.04.2012',2),(1,1,'12.04.2012',2),(1,1,'12.04.2012',2),(1,1,'12.04.2012',2),(1,1,'12.04.2012',2),
(1,1,'12.04.2012',2),(1,1,'12.04.2012',2),(1,1,'12.04.2012',2),(1,1,'12.04.2012',2),(1,1,'12.04.2012',2),
(1,1,'12.04.2012',2),(1,1,'12.04.2012',2),(1,1,'12.04.2012',2),(1,1,'12.04.2012',2),(1,1,'12.04.2012',2),
(1,1,'12.04.2012',2),(1,1,'12.04.2012',2),(1,1,'12.04.2012',2),(1,1,'12.04.2012',2),(1,1,'12.04.2012',2),
(1,1,'12.04.2012',2),(1,1,'12.04.2012',2),(1,1,'12.04.2012',2),(1,1,'12.04.2012',2),(1,1,'12.04.2012',2),
(1,1,'12.04.2012',2),(1,1,'12.04.2012',2),(1,1,'12.04.2012',2),(1,1,'12.04.2012',2),(1,1,'12.04.2012',2);
